-- MySQL dump 10.13  Distrib 8.0.32, for Win64 (x86_64)
--
-- Host: localhost    Database: webservice
-- ------------------------------------------------------
-- Server version	8.0.32

/*!40101 SET @OLD_CHARACTER_SET_CLIENT=@@CHARACTER_SET_CLIENT */;
/*!40101 SET @OLD_CHARACTER_SET_RESULTS=@@CHARACTER_SET_RESULTS */;
/*!40101 SET @OLD_COLLATION_CONNECTION=@@COLLATION_CONNECTION */;
/*!50503 SET NAMES utf8mb4 */;
/*!40103 SET @OLD_TIME_ZONE=@@TIME_ZONE */;
/*!40103 SET TIME_ZONE='+00:00' */;
/*!40014 SET @OLD_UNIQUE_CHECKS=@@UNIQUE_CHECKS, UNIQUE_CHECKS=0 */;
/*!40014 SET @OLD_FOREIGN_KEY_CHECKS=@@FOREIGN_KEY_CHECKS, FOREIGN_KEY_CHECKS=0 */;
/*!40101 SET @OLD_SQL_MODE=@@SQL_MODE, SQL_MODE='NO_AUTO_VALUE_ON_ZERO' */;
/*!40111 SET @OLD_SQL_NOTES=@@SQL_NOTES, SQL_NOTES=0 */;

--
-- Table structure for table `cafe`
--

DROP TABLE IF EXISTS `cafe`;
/*!40101 SET @saved_cs_client     = @@character_set_client */;
/*!50503 SET character_set_client = utf8mb4 */;
CREATE TABLE `cafe` (
  `ID` int NOT NULL AUTO_INCREMENT,
  `NAME` varchar(50) NOT NULL,
  `ADDRESS` text NOT NULL,
  `PHONE_NUM` varchar(30) NOT NULL,
  PRIMARY KEY (`ID`)
) ENGINE=InnoDB AUTO_INCREMENT=4 DEFAULT CHARSET=utf8mb4 COLLATE=utf8mb4_0900_ai_ci;
/*!40101 SET character_set_client = @saved_cs_client */;

--
-- Dumping data for table `cafe`
--

LOCK TABLES `cafe` WRITE;
/*!40000 ALTER TABLE `cafe` DISABLE KEYS */;
INSERT INTO `cafe` VALUES (1,'카페마일로 서면학원가점','부산 부산진구 중앙대로 686','051-803-3360'),(2,'유동커피 삼정타워점','부산광역시 부산진구 중앙대로 672 삼정타워 6F','010-7940-4848');
/*!40000 ALTER TABLE `cafe` ENABLE KEYS */;
UNLOCK TABLES;

--
-- Table structure for table `diner`
--

DROP TABLE IF EXISTS `diner`;
/*!40101 SET @saved_cs_client     = @@character_set_client */;
/*!50503 SET character_set_client = utf8mb4 */;
CREATE TABLE `diner` (
  `id` int NOT NULL AUTO_INCREMENT,
  `name` text,
  `address` text,
  `phone_num` text,
  `dish` text,
  PRIMARY KEY (`id`)
) ENGINE=InnoDB DEFAULT CHARSET=utf8mb4 COLLATE=utf8mb4_0900_ai_ci;
/*!40101 SET character_set_client = @saved_cs_client */;

--
-- Dumping data for table `diner`
--

LOCK TABLES `diner` WRITE;
/*!40000 ALTER TABLE `diner` DISABLE KEYS */;
INSERT INTO `diner` VALUES (1,'개미집','부산광역시 수영구 광남로130번길 9, 1층 (광안동)','051-758-7172','낙지볶음'),(2,'광안리 부산횟집','부산광역시 수영구 민락수변로 29, 4층 (민락동, 바다마루)','051-753-8881','생선회'),(3,'광안밀면','부산광역시 수영구 수영로 587, 1층 (광안동)','051-751-5250','밀면'),(4,'까치횟집','부산광역시 수영구 광안해변로344번길 17-20, 5층 5호 (민락동, 풍경타워)','051-753-5866','생선회'),(5,'남천삼계탕','부산광역시 수영구 남천동로108번길 14, 1층 (남천동)','051-759-1999','삼계탕'),(6,'뉴부산횟집','부산광역시 수영구 광안해변로 31-5, 1~3층 (남천동)','051-625-4200','생선회'),(7,'동화대반점','부산광역시 수영구 수영로427번길 11, 1~2층 (남천동)','051-611-6686','탕수육'),(8,'샤브향남천점','부산광역시 수영구 광남로 31, 2층 (남천동, BBC빌딩)','051-612-3320','월남쌈 샤브샤브'),(9,'서울깍두기','부산광역시 수영구 남천동로9번길 61, 1층 (남천동)','051-621-3989','설렁탕'),(10,'서울부대찌게','부산광역시 수영구 남천동로9번길 66, 1층 (남천동)','051-621-8080','부대찌개'),(11,'수정궁','부산광역시 수영구 민락수변로 25, 1~5층 (민락동, 수정궁빌딩)','051-753-2811','생선회'),(12,'광안리 신라횟집','부산광역시 수영구 민락수변로7번길 16, 비치프라자 2~4층(민락동)','051-753-2800','생선회'),(13,'용궁반점','부산광역시 수영구 무학로22번길 4, 1층 (광안동)','051-751-2267','자장면'),(14,'청송양곱창','부산광역시 수영구 남천동로108번길 8, 1~2층 (남천동)','051-627-5291','양곱창'),(15,'포항물횟집','부산광역시 수영구 광안해변로290번길 17, 1~2층 (민락동)','051-752-5732','생선회'),(16,'푸른산장','부산광역시 수영구 황령산로 29, 2층 (남천동)','051-625-0500','유황청둥오리'),(17,'할매재첩국','부산광역시 수영구 광남로120번길 8, 1층 (광안동)','051-751-7658','재첩국'),(18,'향래원','부산광역시 수영구 민락수변로 127-7, 1~4층 (민락동)','051-751-0901','코스요리'),(19,'거창맷돌(부곡점)','부산광역시 금정구 부곡로 158 (부곡동)','051-513-3537','순두부'),(20,'경희궁','부산광역시 금정구 금샘로 441 (구서동)','051-517-9292','샤브샤브'),(21,'금성','부산광역시 금정구 산성로 443 (금성동)','051-517-4847','염소불고기'),(22,'김가네국수','부산광역시 금정구 금강로 686 (남산동)','051-513-8228','국수'),(23,'낙원식당','부산광역시 금정구 식물원로44번길 12 (장전동)','051-515-5789','쌈밥'),(24,'남산찹쌀아구찜','부산광역시 금정구 금강로 694 (남산동)','051-516-1506','아구찜'),(25,'누리마을감자탕','부산광역시 금정구 중앙대로1719번길 61 (부곡동)','051-514-9222','감자탕'),(26,'느루','부산광역시 금정구 금샘로 478 (남산동)','051-512-6460','한정식'),(27,'늘아침','부산광역시 금정구 부산대학로64번길 155 (장전동)','051-518-9200','오리고기'),(28,'다루','부산광역시 금정구 금샘로 375 (구서동)','051-513-3395','수제비'),(29,'대성갈비','부산광역시 금정구 금강로 630 (남산동)','051-514-8630','돼지갈비'),(30,'대성관','부산광역시 금정구 금강로 179 (장전동)','051-518-4001','생선회'),(31,'돈모리','부산광역시 금정구 금강로 593 (구서동)','051-583-9289','돼지갈비'),(32,'동경식당','부산광역시 금정구 서동로175번길 32 (서동)','051-526-8488','초밥'),(33,'만도리','부산광역시 금정구 청룡로 52 (청룡동)','051-517-8009','오리고기'),(34,'맛골','부산광역시 금정구 서동중심로 62 (서동)','051-525-5004','샤브샤브'),(35,'명수정','부산광역시 금정구 구서로 23, 4층 (구서동)','051-517-4114','생갈비'),(36,'무심정','부산광역시 금정구 북문로 23 (금성동)','051-517-3352','오리고기'),(37,'물레방아집','부산광역시 금정구 산성로 522 (금성동)','051-517-5555','오리고기'),(38,'미방','부산광역시 금정구 하마1길 57 (청룡동)','051-508-3222','오리고기'),(39,'박기모 조방낙지','부산광역시 금정구 부곡로141번길 4 (부곡동)','051-582-2462','낙지볶음'),(40,'배비장보쌈','부산광역시 금정구 금정로 239, 1,2,3층 (구서동)','051-515-2106','보쌈'),(41,'백향목','부산광역시 금정구 땅곡길 37 (금성동)','051-517-9252','염소불고기'),(42,'부산압구정한우갈비','부산광역시 금정구 청룡로 61 (남산동)','051-512-0025','생갈비'),(43,'산성집','부산광역시 금정구 산성로 524 (금성동)','051-517-7900','염소불고기'),(44,'삼성웰스토리(주)동래베네스트','부산광역시 금정구 하정로 66(남산동)','051-580-0379','정식'),(45,'서울깍두기','부산광역시 금정구 장전온천천로 75 (장전동)','051-582-9005','설렁탕'),(46,'서울식당','부산광역시 금정구 서부로16번길 10 (서동)','051-527-9433','갈비'),(47,'성용장','부산광역시 금정구 놀이마당로 25 (청룡동)','051-508-5353','오리고기'),(48,'손씨집','부산광역시 금정구 상마1길 46 (청룡동)','051-508-4477','오리고기'),(49,'송해반점','부산광역시 금정구 중앙대로 2089-5, 1,2층 101-1,101-2호 (남산동)','051-517-4543','중화요리'),(50,'오륙도낙지','부산광역시 금정구 수림로20번길 49 (부곡동)','051-515-0016','낙지볶음'),(51,'우정갈비','부산광역시 금정구 금샘로 353 (구서동)','051-513-2100','생갈비'),(52,'원조조방낙지','부산광역시 금정구 청룡로 33 (청룡동)','051-508-0666','낙지볶음'),(53,'일송면옥','부산광역시 금정구 부곡로141번길 6, 1,2층 (부곡동)','051-514-3381','밀면,갈비'),(54,'주식회사 이랴이랴 푸드웰','부산광역시 금정구 중앙대로 1975 (남산동)','051-517-1003','갈비'),(55,'참나무숯불구이','부산광역시 금정구 금정로 25 (장전동)','051-582-5392','생갈비'),(56,'창녕집','부산광역시 금정구 산성로 520 (금성동)','051-517-5288','오리고기'),(57,'채선당남산점','부산광역시 금정구 청룡로 59 (남산동)','051-583-1411','샤브샤브'),(58,'청사초롱','부산광역시 금정구 산성로 447 (금성동)','051-517-8849','염소불고기'),(59,'청해','부산광역시 금정구 서동로 159-1 (서동)','051-524-1887','생선회'),(60,'초심한우정','부산광역시 금정구 범어천로 11 (남산동)','051-517-7892','생갈비'),(61,'푸주옥 설렁탕 도가니탕','부산광역시 금정구 금정로 248 (구서동)','051-518-9520','설렁탕'),(62,'풀내음','부산광역시 금정구 범어사로 360 (청룡동)','051-508-3020','한정식'),(63,'풍년오리박사','부산광역시 금정구 청룡로 40 (청룡동)','051-508-4642','오리고기'),(64,'하마정원','부산광역시 금정구 범어사로 344 (청룡동)','051-508-9233','생갈비'),(65,'함안매운탕','부산광역시 금정구 두실로 17 (구서동)','051-514-8216','장어구이'),(66,'합천돼지국밥','부산광역시 금정구 서금로 17 (서동)','051-527-1302','돼지국밥'),(67,'현대가든','부산광역시 금정구 산성로 510 (금성동)','051-517-6767','염소불고기'),(68,'황금오리','부산광역시 금정구 금강로446번길 41 (구서동)','051-512-5294','오리고기'),(69,'어가식당','부산광역시 동래구 온천장로107번길 32 (온천동)','051-554-0331','생선회'),(70,'영남식육식당 안락점','부산광역시 동래구 충렬대로 406 (안락동)','051-528-7222','한우숯불구이'),(71,'오륙도낙지','부산광역시 동래구 사직북로5번길 30 (사직동)','051-506-1854','낙지볶음'),(72,'정림','부산광역시 동래구 충렬대로237번길 31-3 (수안동)','051-554-1994','약선요리'),(73,'주식회사세연정','부산광역시 동래구 충렬대로 149 (온천동)','051-506-6666','생갈비'),(74,'청산도횟집','부산광역시 동래구 명륜로 80-10 (수안동)','051-552-9528','생선회'),(75,'마루한','부산광역시 동래구 중앙대로1367번길 48-5 (온천동)','051-553-3070','만두국'),(76,'맛나감자탕사직점','부산광역시 동래구 사직북로13번길 26 (사직동)','051-503-3630','감자탕'),(77,'명가','부산광역시 동래구 충렬대로218번길 26 (수안동)','051-553-5989','갈비'),(78,'명진생아구찜','부산광역시 동래구 사직북로13번길 13-3 (사직동)','051-504-4445','아구찜'),(79,'미조리식당','부산광역시 동래구 충렬대로256번길 6 (수안동)','051-556-1771','생선회'),(80,'밀양삼대국밥','부산광역시 동래구 충렬대로359번길 23 (안락동)','051-529-9825','돼지국밥'),(81,'봉식당','부산광역시 동래구 온천장로119번길 26 (온천동)','051-556-9911','보쌈, 회'),(82,'새미골해물아구찜','부산광역시 동래구 안연로 58-1 (안락동)','051-525-0555','해물아구찜'),(83,'수궁복집','부산광역시 동래구 충렬대로 296 (낙민동)','051-555-2151','복국'),(84,'논두렁추어탕','부산광역시 동래구 명륜로139번길 42-5 (명륜동)','051-553-5769','추어탕'),(85,'대궐집','부산광역시 동래구 동래로136번길 26 (복천동)','051-552-0127','소갈비'),(86,'대하찹쌀아구찜','부산광역시 동래구 사직북로28번길 145 (온천동)','051-505-8862','아구찜'),(87,'동래별장','부산광역시 동래구 금강로123번길 12 (온천동)','051-552-0157','한정식'),(88,'구기영 조방낙지','부산광역시 동래구 명장로20번길 60 (명장동)','051-528-7055','낙지전골'),(89,'금문','부산광역시 동래구 온천장로119번길 57 (온천동)','051-555-4987','중식'),(90,'금수복국','부산광역시 동래구 온천장로107번길 18 (온천동)','051-555-9912','복국'),(91,'금수복국(동래점)','부산광역시 동래구 충렬대로 210 (수안동)','051-553-7700','복국'),(92,'굴마을','부산광역시 서구 구덕로 167, 지상2층 (아미동1가)','051-241-5186','굴국밥'),(93,'동경초밥','부산광역시 서구 구덕로321번길 21, 남영빌딩 (서대신동2가)','051-242-5788','생선초밥'),(94,'태성식당','부산광역시 서구 송도해변로 149 (암남동)','051-242-1886','생선회'),(95,'이조숯불갈비이조정식','부산광역시 서구 구덕로339번길 31-1 (서대신동3가)','051-248-5104','숯불갈비'),(96,'미송하모샤브샤브','부산광역시 서구 충무대로 124 (암남동)','051-244-6143','생선회'),(97,'고주몽','부산광역시 서구 구덕로148번길 43-1 (토성동1가)','051-246-2452','참숯불갈비'),(98,'조방낙지','부산광역시 서구 구덕로 350 (동대신동3가, 문화아파트)','051-231-1076','낙지볶음'),(99,'옛날오막집','부산광역시 서구 구덕로274번길 14 (동대신동1가)','051-243-6973','양곱창'),(100,'물마','부산광역시 서구 대영로45번길 62 (서대신동3가)','051-256-6664','전복구이'),(101,'와와샤브(대신점)','부산광역시 서구 대영로 54 (서대신동1가)','051-245-3330','샤브샤브'),(102,'기와집','부산광역시 중구 대청로137번길 7-2, 1층 (중앙동3가, 1층일부)','051-466-5550','송이버섯'),(103,'남포삼계탕','부산광역시 중구 남포길 16, 1,2층 (남포동3가, 12-0,2,3,6)','051-245-5075','삼계탕'),(104,'대궁한정식','부산광역시 중구 태종로 14-1 (남포동1가, (73-3))','051-254-0700','한정식'),(105,'동화반점','부산광역시 중구 흑교로75번길 3 (보수동2가)','051-253-6661','자장면'),(106,'명송','부산광역시 중구 해관로 32, 1~2층 (중앙동2가)','051-246-1225','생선회'),(107,'무궁과','부산광역시 중구 충장대로5번길 46, 1층 (중앙동4가)','051-463-2223','한정식'),(108,'물꽁집','부산광역시 중구 흑교로59번길 3 (보수동2가)','051-257-3230','아구탕'),(109,'본참치','부산광역시 중구 해관로 73, 1층 (중앙동4가, 일광빌딩)','051-523-8659','참치회'),(110,'부산명물횟집','부산광역시 중구 자갈치해안로 55 (남포동4가)','051-245-4995','생선회'),(111,'새진주집','부산광역시 중구 흑교로 60, 1,2층 (보수동1가)','051-256-9110','비빔밥'),(112,'원산면옥','부산광역시 중구 광복로 56-8 (창선동1가)','051-245-2310','냉면'),(113,'이재모피자','부산광역시 중구 광복중앙로 31 (신창동1가, 2, 4-3)','051-255-9494','피자'),(114,'장터식당','부산광역시 중구 광복로 19-1, 2층 (부평동1가, 외 2필지)','051-246-9789','영양탕'),(115,'중앙모밀우동','부산광역시 중구 중앙대로49번길 9-1 (중앙동2가)','051-246-8686','메밀'),(116,'한우뭉치','부산광역시 중구 보수대로 106, 2~3층 (보수동3가)','051-254-3250','쇠고기'),(117,'홍익돈까스 부산남포직영점','부산광역시 중구 광복로 45-8, 1층 (창선동1가)','051-247-4503','돈까스'),(118,'화국반점','부산광역시 중구 백산길 3, 1~2층 (동광동3가)','051-245-5305','유니짜장'),(119,'황태를 벗삼아','부산광역시 중구 대청로137번길 10-1, 1층 (중앙동3가)','051-468-5958','황태찜'),(120,'부산축산농협 축산물종합프라자','부산광역시 강서구 낙동남로 446-1, 1층,2층 (녹산동)','051-831-3200','불고기'),(121,'진해물산(주)용장어요리전문점','부산광역시 강서구 낙동남로682번길 94 (녹산동)','051-941-5030','장어구이'),(122,'하얀집','부산광역시 강서구 과학산단로334번다길 10 (지사동)','051-973-7008','대구탕'),(123,'골목식당','부산광역시 부산진구 가야대로784번길 46 (부전동)','051-803-3850','김치찌개'),(124,'우정분식','부산광역시 부산진구 동천로85번길 3 (부전동)','051-803-0303','제육'),(125,'대서양식당','부산광역시 부산진구 부전로96번길 26 (부전동)','051-809-0190','회'),(126,'동해물회','부산광역시 부산진구 서전로 15 (부전동)','051-809-3305','회'),(127,'제일횟집','부산광역시 부산진구 서면문화로 24 (부전동,,25 (1,2,3층))','051-805-6290','회'),(128,'급행장','부산광역시 부산진구 서면문화로 4 (부전동)','051-809-2100','소갈비'),(129,'남대문','부산광역시 부산진구 부전로96번길 35 (부전동,,130,4,144)','051-805-9191','돼지갈비'),(130,'장수국밥','부산광역시 부산진구 새싹로29번길 8 (부전동,,30)','051-804-2277','돼지국밥'),(131,'일송초밥','부산광역시 부산진구 중앙대로691번길 52, 지상1층 (부전동)','051-805-3300','초밥'),(132,'용궁해물탕','부산광역시 부산진구 서면문화로5번길 10 (부전동)','051-808-4711','해물아구찜'),(133,'동남갈비','부산광역시 부산진구 부전로96번길 35 (부전동)','051-804-3700','소갈비'),(134,'외식촌','부산광역시 부산진구 중앙대로691번가길 24-7, 지상1-2층 (부전동)','051-805-5464','소갈비'),(135,'남해수산횟집','부산광역시 부산진구 서면문화로 11-1 (부전동)','051-818-9898','회'),(136,'중앙숯불갈비','부산광역시 부산진구 골드테마길 65 (범천동)','051-632-2008','소갈비'),(137,'하동재첩왕갈비','부산광역시 부산진구 중앙대로743번길 25 (부전동,(1층))','051-808-5668','소갈비'),(138,'청담','부산광역시 부산진구 가야대로784번길 42, 지상1층 (부전동)','051-807-5555','스시'),(139,'남강면옥','부산광역시 부산진구 신천대로65번길 68 (범천동)','051-647-4165','냉면'),(140,'춘하추동밀면','부산광역시 부산진구 서면문화로 48-1 (부전동)','051-809-8659','밀면'),(141,'전통음식점 원양','부산광역시 부산진구 동평로420번길 23 (양정동)','051-864-0773','닭고기'),(142,'금룡만두','부산광역시 부산진구 중앙대로702번길 17-1 (부전동)','051-802-9168','만두국'),(143,'본가낙지','부산광역시 부산진구 골드테마길 2-13 (범천동)','051-642-1041','낙지'),(144,'가야돼지국밥','부산광역시 부산진구 가야대로454번길 11 (개금동)','051-892-5859','돼지국밥'),(145,'대동반점','부산광역시 부산진구 복지로13번길 14 (개금동)','051-893-8887','중화요리'),(146,'오쉐르웨딩홀.부페','부산광역시 부산진구 중앙대로775번길 5 (부전동)','051-811-2121','뷔페');
/*!40000 ALTER TABLE `diner` ENABLE KEYS */;
UNLOCK TABLES;

--
-- Table structure for table `gym`
--

DROP TABLE IF EXISTS `gym`;
/*!40101 SET @saved_cs_client     = @@character_set_client */;
/*!50503 SET character_set_client = utf8mb4 */;
CREATE TABLE `gym` (
  `ID` int NOT NULL AUTO_INCREMENT,
  `NAME` varchar(100) NOT NULL,
  `ADDRESS` varchar(100) NOT NULL,
  `PRICE` varchar(45) NOT NULL,
  `NUMBER` varchar(45) NOT NULL,
  PRIMARY KEY (`ID`)
) ENGINE=InnoDB AUTO_INCREMENT=3 DEFAULT CHARSET=utf8mb4 COLLATE=utf8mb4_0900_ai_ci;
/*!40101 SET character_set_client = @saved_cs_client */;

--
-- Dumping data for table `gym`
--

LOCK TABLES `gym` WRITE;
/*!40000 ALTER TABLE `gym` DISABLE KEYS */;
INSERT INTO `gym` VALUES (1,'마카라멀티짐','부산광역시 부산진구 서면로 56 3층','50000','010-9973-8423'),(2,'헬스보이짐 서면점','부산광역시 부산진구 중앙대로 686 경암빌딩 2층','60000','051-805-5001');
/*!40000 ALTER TABLE `gym` ENABLE KEYS */;
UNLOCK TABLES;

--
-- Table structure for table `hall`
--

DROP TABLE IF EXISTS `hall`;
/*!40101 SET @saved_cs_client     = @@character_set_client */;
/*!50503 SET character_set_client = utf8mb4 */;
CREATE TABLE `hall` (
  `id` int NOT NULL AUTO_INCREMENT,
  `address` text,
  `NAME` text,
  `openDate` date DEFAULT NULL,
  `closeDate` date DEFAULT NULL,
  `price` text,
  `type` text,
  `phone_num` text,
  `homepage` text,
  `region` text,
  PRIMARY KEY (`id`)
) ENGINE=InnoDB AUTO_INCREMENT=452 DEFAULT CHARSET=utf8mb4 COLLATE=utf8mb4_0900_ai_ci;
/*!40101 SET character_set_client = @saved_cs_client */;

--
-- Dumping data for table `hall`
--

LOCK TABLES `hall` WRITE;
/*!40000 ALTER TABLE `hall` DISABLE KEYS */;
INSERT INTO `hall` VALUES (3,'경기도 김포시 월곶면 개곡리 832','김포다도박물관 상설전시','2020-12-31','2024-12-31','성인 5000원 청소년 3000원 유아 2000원','전시','031-998-1000','https://kimpodadomuseum.modoo.at/','경기'),(4,'경상북도 경주시 황성동 알천북로 1','The 경주 : 경주연대기','2022-05-31','2023-12-31','일반 5000원 / 어린이 청소년 군인 3000원','전시','054-777-5822','https://garts.kr/index.do?menuId=00000260&menuLink=/user/sched/detl.do&schedId=SCHED_0000011994','경주'),(5,'국립현대미술관 과천관','[집밖] MMCA 과천프로젝트 2022 : 옥상정원 시간의 정원','2022-06-29','2023-06-25','무료','전시','02-2188-6000','https://www.mmca.go.kr/exhibitions/exhibitionsDetail.do?exhFlag=1&exhId=202205020001504','과천'),(6,'국립현대미술관 서울관','[집밖] MMCA 이건희컬렉션 특별전 이중섭','2022-08-12','2023-04-23','무료','전시','02-3701-9500','https://www.mmca.go.kr/exhibitions/exhibitionsDetail.do?exhFlag=1&exhId=202207190001542','서울'),(7,'서울시립미술관','[집밖] 영원한 나르시시스트 천경자-상시','2022-08-29','2023-12-31','무료','전시','02-2124-8954','https://sema.seoul.go.kr/kr/whatson/exhibition/detail?exNo=361','서울'),(8,'서울특별시 용산구 서빙고로 137','[집밖] 일본 불교조각의 세계','2022-04-05','2023-10-09','무료','전시','02-2077-9000','https://www.museum.go.kr/site/main/exhiSpecialTheme/view/current?exhiSpThemId=650312&listType=list','서울'),(9,'서울특별시 용산구 서빙고로 137','[집밖] 영원한 삶의 집 아스타나 고분','2022-07-16','2023-07-15','무료','전시','02-2077-9000','https://www.museum.go.kr/site/main/exhiSpecialTheme/view/current?exhiSpThemId=773164&listType=list','서울'),(10,'서울특별시 용산구 서빙고로 137','[집밖] 메소포타미아 저 기록의 땅','2022-07-22','2024-01-28','무료','전시','02-2077-9000','https://www.museum.go.kr/site/main/exhiSpecialTheme/view/current?exhiSpThemId=778608&listType=list','서울'),(11,'라 카페 갤러리','박노해 사진전','2022-09-30','2023-10-01','무료','전시','02-379-1975','https://blog.naver.com/racafe/222879785118','서울'),(12,'이풀실내정원','이풀실내정원 기획전시','2022-06-30','2023-03-30','무료','전시','031-437-2525','https://www.instagram.com/p/CiljNZwBjHa/','안산'),(13,'올림픽공원','2022 SOMA 공공미술프로젝트','2022-10-17','2023-05-31','무료','전시','02-425-1077','https://soma.kspo.or.kr/dspy/display/203','서울'),(14,'제주항공우주박물관','다이노스 얼라이브 제주','2022-08-10','2023-08-09','성인(중학생 이상) 17000원 /  어린이 (25개월~초등학생) 23000원','전시','070-8095-9734','https://tickets.interpark.com/goods/22009145','제주'),(15,'영종역사관','2022 영종역사관 어린이체험전','2022-11-15','2023-10-29','유료 (입장권 발권)','전시','032-746-9901','https://ijcf.or.kr/load.asp?subPage=410.View&idx=55','인천'),(16,'양구군립 박수근미술관','봄을 기다리는 사람들','2021-06-23','2023-12-31','성인 6000원 / 학생(7세 이상 만 18세 이하) 3000원 / 양구군민 관내군용사 호수문화관광권역 접경지역시장군수협의회주민 병역명문가 및 가족 50% 할인 / 다자녀가정(19세미만 자녀2인이상) 30% 할인','전시','033-480-7226','http://www.parksookeun.or.kr/md_jeonsihoe/user_jeonsihoe_read.php?gid=www&mu_idx=30&j_idx=32','양구'),(17,'중랑아트센터','계절산책-다섯 개의 계절 빛으로 그리다','2022-11-09','2023-09-16','무료','전시','02-3407-6541','https://www.jnac.or.kr/exhibition/exhibit_view.html?pid=69&redir=%2Fexhibition%2Fexhibit_list.html%3Fstatus%3D%26find%3D%26search%3D%26page%3D1','서울'),(18,'홍익대 대학로 아트센터 대극장','레드북','2023-03-14','2023-05-28','VIP석 110000원 R석 90000원 S석 65000원','뮤지컬','1577-3363','http://www.ticketlink.co.kr/product/42517','서울'),(19,'세종문화회관 S씨어터','다시 봄','2023-03-15','2023-04-01','R석 50000원 S석 30000원','뮤지컬','02-399-1771~4','http://ticket.yes24.com/Perf/44947','서울'),(20,'대학로 공간아울','임대아파트','2023-03-01','2023-04-30','전석 40000원','연극','02-3675-0116','https://tickets.interpark.com/goods/23001983','서울'),(21,'시온아트홀','그새끼','2023-03-03','2023-04-23','전석 25000원','연극','예스24공연 1544-6399','http://ticket.yes24.com/Perf/45014','서울'),(22,'국립극단 명동예술극장','만선','2023-03-16','2023-04-09','R석 60000원 S석 45000원 A석 30000원','연극','국립극단 1644-2003','https://www.ntck.or.kr/ko/performance/info/257137','서울'),(23,'용인문화예술회관','[용인] 친절한 더 클래식 하우스 콘서트','2023-03-18','2023-11-18','전석 15000원','음악','031-260-3355 3358','https://tickets.interpark.com/goods/23001784','경기'),(24,'반포심산아트홀','Petite Concert 반도네오니스트 연하늘 ＆ 기타리스트 밤하늘별빛 듀오 리사이틀 : SUNSET','2023-04-25','2023-04-25','전석 7천원(서초구민 3천원/홈페이지 회원 학생 만65세이상 50% 할인)','음악','02-3477-2805','https://www.seochocf.or.kr/site/main/seocho/show/view?show_idx=518','서울'),(25,'국립경주박물관','딸랑딸랑 금령총 이야기','2022-11-22','2023-04-16','무료','전시','054-740-7591','https://gyeongju.museum.go.kr/kid/html/sub02/0202.html?mode=VD&d_mng_no=190','경주'),(26,'예스24스테이지','포쉬','2023-03-09','2023-05-21','전석 55000원','연극','02-794-0923','http://ticket.yes24.com/Perf/45012','서울'),(27,'학전블루소극장','무적의 삼총사','2023-03-10','2023-07-02','전석 30000원','연극','학전 02-763-8233','https://booking.naver.com/booking/12/bizes/844976','서울'),(28,'반포심산아트홀','[서초문화재단] 심산 영화관 가버나움','2023-04-04','2023-04-04','전석 무료','기타','02-3477-2805','https://www.seochocf.or.kr/site/main/seocho/show/view?show_idx=520','서울'),(29,'반포심산아트홀','심산 영화관 가정의달 특별상영 원더','2023-05-02','2023-05-02','전석 무료','기타','02-3477-2805','https://www.seochocf.or.kr/site/main/seocho/show/view?show_idx=521','서울'),(30,'거창문화원','아시아1인극제 거창 2023','2023-06-23','2023-06-25','무료','연극','055-942-6166','https://amonodrama.modoo.at/?link=30g7o81c','경남'),(31,'광교레이크아트홀','[수원] 기분을 말해봐','2023-03-18','2023-04-16','전석 35000원','뮤지컬','031-216-7179','https://booking.naver.com/booking/12/bizes/835864','경기'),(32,'두산아트센터 연강홀','연극 화란기','2023-03-10','2023-04-02','R석 70000원 / S석 50000원','연극','02-6956-5699','https://www.doosanartcenter.com/ko/performance/1563','서울'),(33,'홍익대 대학로 아트센터 소극장','톨스토이 참회록: 안나 카레니나와의 대화','2023-03-17','2023-04-16','VIP석 70000원 R석 50000원','연극','02-742-1500','https://tickets.interpark.com/goods/23002129','서울'),(34,'선릉아트홀','2023 선릉아트홀 전통예술 기획공연 제5회 불휘기픈소리','2023-02-16','2023-04-29','전석 20000원','국악','02-553-0067','https://booking.naver.com/booking/5/bizes/473478','서울'),(35,'엔버갤러리','조우(遭遇) Encounter 展','2023-02-17','2023-04-16','7000원','전시','0507-1336-1123','https://booking.naver.com/booking/5/bizes/848001','서울'),(36,'충무아트센터 대극장','맘마미아!','2023-03-24','2023-06-25','VIP석 150000원 R석 130000원 S석 100000원 A석 70000원','뮤지컬','02-577-1987','https://tickets.interpark.com/goods/23000103','서울'),(37,'부산민주공원  민주항쟁기념관','[부산민주공원] 어린이 태극기 그림방','2023-03-01','2023-04-02','무료','전시','051-790-7416','http://demopark.or.kr/Announcement/announcement_03_view.asp?sort=_list&m_year=2023&m_month=3&num=5034','부산'),(38,'아트플러스씨어터','[대구] 이 구역의 이기적인 로맨스','2023-03-17','2023-05-14','전석 40000원','연극','053-422-7679','http://ticket.yes24.com/Perf/45071','대구'),(39,'드림씨어터','[부산] 오페라의 유령','2023-03-25','2023-06-18','VIP석 190000원 R석 160000원 S석 130000원 A석 90000원 B석 70000원','뮤지컬','1833-3755','http://ticket.yes24.com/Perf/44653','부산'),(40,'대학로극장 쿼드','다페르튜토 쿼드','2023-03-28','2023-04-16','전석 40000원','기타','1577-0369','https://www.quad.or.kr/product/performance/1120','서울'),(41,'광진어린이공연장 (광진어린이공연장)','[서울 광진] 도서관에 간 사자','2023-03-28','2023-04-29','전석 25000원','뮤지컬','02-2049-4700','https://booking.naver.com/booking/12/bizes/854024/items/4902088','서울'),(42,'대학로 스튜디오 블루 (구 두레홀 3관)','[대학로] 옹알스','2023-03-28','2023-05-07','전석 50000원','뮤지컬','02-593-2012','https://tickets.interpark.com/goods/23002415','서울'),(43,'디큐브아트센터','친정엄마','2023-03-28','2023-06-04','VIP석 150000원 OP석 1400000원 R석 130000원 S석 100000원 A석 70000원','뮤지컬','070-4179-1775','http://www.ticketlink.co.kr/product/42596','서울'),(44,'대전예술의전당','대전시립무용단 기획공연 2 춤으로 그리는 동화 [벌거벗은 임금님]','2023-03-29','2023-04-01','전석 5000원','무용','042-270-8353~5','https://dmdt.artdj.kr/dmdt/?a_idx=02_01&bo=perform&mo=v&d_no=2924','대전'),(45,'영산아트홀','부오나 세라 오페라 갈라 콘서트','2023-03-31','2023-03-31','R석 70000원  S석 30000원','음악','02-2203-0483','https://blog.naver.com/mymusicplus/223017610375','서울'),(46,'예술의전당 IBK챔버홀','송영민 피아노 독주회','2023-04-19','2023-04-19','전석 3만원','음악','02-541-6402','https://tickets.interpark.com/goods/23002619','서울'),(47,'G.I.L.아트홀','[창원] 셜록홈즈','2023-03-03','2023-04-30','전석 32000원','연극','055-266-9498','https://booking.naver.com/booking/12/bizes/850032','경남'),(48,'국립국악원 우면당','2023 토요명품(3~4월)','2023-03-04','2023-04-29','A석 2만원 B석 1만원','국악','02-580-3300','https://www.gugak.go.kr/site/program/performance/detail?menuid=001001001&performance_id_main=27355','서울'),(49,'국립국악원 풍류사랑방','토요국악동화(3~4월)','2023-03-04','2023-04-29','전석 2만원','국악','02-580-3300','https://www.gugak.go.kr/site/program/performance/detail?menuid=001001001&performance_id_main=27032','서울'),(50,'송파어린이문화회관 (아이소리홀)','탱그램스토리 1탄: 토끼이야기','2023-03-21','2023-04-29','전석 16000원','연극','02-449-0505','https://booking.naver.com/booking/12/bizes/855004','서울'),(51,'국립극장 해오름극장','카비에','2023-04-07','2023-04-09','전석 4만원','무용','02-2280-4114','https://www.ntok.go.kr/kr/Ticket/Performance/Details?performanceId=266266','서울'),(52,'예술의전당 콘서트홀','백혜선 피아노 리사이틀','2023-04-11','2023-04-11','R석 5만원 S석 4만원 A석 3만원 B석 1만원','음악','02-580-1300','https://www.sac.or.kr/site/main/show/show_view?SN=49135','서울'),(53,'예술의전당 오페라극장','돈키호테','2023-04-12','2023-04-16','R석 10만원 / S석 8만원 / A석 5만원 / B석 2만원 / C석 5천원','무용','02-587-6181','https://www.sac.or.kr/site/main/show/show_view?SN=47507','서울'),(54,'경기아트센터','경기필하모닉 마스터피스 시리즈 VI','2023-04-13','2023-04-13','R석 50000원 S석 40000원 A석 20000','음악','031-230-3324~3325','http://www.ggac.or.kr/?p=14_view&idSchedule=11916&rp=14&ptype=1&isall=&year=2023&month=04&s_szPlaytype=%EA%B8%B0%ED%9A%8D%EA%B3%B5%EC%97%B0%2C%EC%98%88%EC%88%A0%EB%8B%A8%EA%B3%B5%EC%97%B0%2C%EB%8C%80%EA%B4%80%EA%B3%B5%EC%97%B0%2C%EC%A0%84%EC%8B%9C%2C%EB%AC%B4%EA%B4%80%EC%A4%91+%EC%83%9D%EC%A4%91%EA%B3%84%2C%EA%B8%B0%ED%83%80','경기'),(55,'국립극단 백성희장민호극장','몬순','2023-04-13','2023-05-07','전석 3만 5천원','연극','1644-2003','https://www.ntck.or.kr/ko/performance/info/257139','서울'),(56,'예술의전당 CJ토월극장','신과 함께 - 저승편','2023-04-15','2023-04-30','R석 9만원 S석 6만원','뮤지컬','1577-3363','http://ticket.yes24.com/Perf/45260','서울'),(57,'경기아트센터','경기도무용단','2023-04-21','2023-04-23','R석 50000원 S석 40000원 A석 30000','무용','031-230-3311~3315','http://www.ggac.or.kr/?p=14_view&idSchedule=11919&rp=14&ptype=1&isall=&year=2023&month=04&s_szPlaytype=%EA%B8%B0%ED%9A%8D%EA%B3%B5%EC%97%B0%2C%EC%98%88%EC%88%A0%EB%8B%A8%EA%B3%B5%EC%97%B0%2C%EB%8C%80%EA%B4%80%EA%B3%B5%EC%97%B0%2C%EC%A0%84%EC%8B%9C%2C%EB%AC%B4%EA%B4%80%EC%A4%91+%EC%83%9D%EC%A4%91%EA%B3%84%2C%EA%B8%B0%ED%83%80','경기'),(58,'안산문화예술의전당','ASAC 아침음악살롱 4월','2023-04-26','2023-04-26','전석 25000원','음악','콜센터 080 481 4000','https://www.ansanart.com/lay2/program/S1T10C334/show/view.do?sh_no=2817&cpage=1&rows=10&keyword=&condition=&sh_location=','경기'),(59,'롯데콘서트홀','국립합창단 제193회 정기연주회 에드워드 엘가','2023-04-27','2023-04-27','R석: 5만원 / S석: 3만원 / A석: 2만원 / B석: 1만원','음악','02-587-8111','https://www.lotteconcerthall.com/kor/Performance/ConcertDetails/259458','서울'),(60,'예술의전당 오페라극장','오페라','2023-04-27','2023-04-30','R석15만원 S석12만원 A석9만원 B석6만원 C석4만원 D석2만원','오페라','미정','https://tickets.interpark.com/goods/23002509','서울'),(61,'KF갤러리','오늘부터의 세계','2023-02-27','2023-04-07','무료','전시','02-2151-6500 / kfcenter@kf.or.kr','https://www.kf.or.kr/kf/ru/cnts.do?srchOrdtmOperAt=&srchTxt=&sysId=kf&resveMasterSn=11860&ongoingAt=&mi=1660','서울'),(62,'하땅세극장 (하땅세극장)','고래바위에서 기다려','2023-03-11','2023-04-29','전석 30000원','연극','1811-1703','https://tickets.interpark.com/goods/23002819','서울'),(63,'현대백화점 미아점 문화홀','꽃은 사절합니다','2023-03-16','2023-04-09','R석 40000원 S석 35000원','연극','02-2117-2117','https://tickets.interpark.com/goods/23002782','서울'),(64,'초록씨어터','행복','2023-03-24','2023-06-11','전석 50000원','연극','070-4870-1931~2','https://tickets.interpark.com/goods/23002728','서울'),(65,'김포한강괜찮은홀','[김포] 말 안 듣는 청개구리','2023-03-25','2023-04-08','전석 30000원','뮤지컬','070-8886-2516','https://booking.naver.com/booking/12/bizes/853994','경기'),(66,'예스24스테이지','브라더스 까라마조프','2023-03-25','2023-06-18','R석 66000원 S석 44000원','뮤지컬','02-6498-0403','http://ticket.yes24.com/Perf/45124','서울'),(67,'부산문화회관 중극장','제74회 부산시립극단 정기공연 집집: 하우스 소나타','2023-03-30','2023-04-01','전석 20000원','연극','051-607-6000 (ARS 1번)','https://www.bscc.or.kr/01_perfor/?mcode=0401010200&mode=2&no=23939','부산'),(68,'여행자극장','EXIT: 출구는 저쪽입니다. 뛰세요!','2023-03-30','2023-04-02','전석 30000원','연극','070-7918-9077','https://tickets.interpark.com/goods/23002310','서울'),(69,'기분좋은극장','[광주] 슬기로운 신혼생활','2023-03-30','2023-05-07','전석 35000원','연극','1600-6689','http://ticket.yes24.com/Perf/44905','광주'),(70,'연천수레울아트홀','[연천] 첼로가야금','2023-03-31','2023-03-31','1층석 10000원 2층석 50000원','음악','031-834-3770 031-839-2910','https://tickets.interpark.com/goods/23002289','경기'),(71,'이화여자대학교 삼성홀','양희준 김수하 콘서트: 다섯번째걸음 그리고…','2023-03-31','2023-04-01','전석 99000원','콘서트','1544-1555','https://tickets.interpark.com/goods/23002520','서울'),(72,'성남아트센터','[성남] 브로드웨이 42번가','2023-03-31','2023-04-02','VIP석 140000원 R석 120000원 S석 90000원 A석 70000원','뮤지컬','1588-0766','http://ticket.yes24.com/Perf/44852','경기'),(73,'통영국제음악당','2023 통영국제음악제 해리 파치: 플렉트럼과 타악기 춤','2023-03-31','2023-04-02','전석 5만원','음악','055-650-0400','https://tickets.interpark.com/goods/22016842','경남'),(74,'코델아트홀','제4회 코델 코메디 페스티벌 강제결혼','2023-03-31','2023-04-02','전석 30000원','연극','관람 URL 참조','https://tickets.interpark.com/goods/23002607','서울'),(75,'대구 계명아트센터','[대구] 캣츠 오리지널 내한','2023-03-31','2023-04-08','VIP석 170000원 젤리클석 170000원 R석 140000원 S석 110000원 A석 90000원 B석 60000원','기타','053-762-0000','https://tickets.interpark.com/goods/23000704','대구'),(76,'LG아트센터 서울','파우스트','2023-03-31','2023-04-29','R석 99000원 S석 77000원 A석 44000원','연극','LG아트센터서울 1661-0017','https://www.lgart.com/product/performance/252740','서울'),(77,'코엑스아티움','식스 더 뮤지컬 최초 한국 공연','2023-03-31','2023-06-25','OP석 120000원 VIP석 120000원 R석 100000원 S석 80000원 A석 60000원','뮤지컬','클립서비스 1577-3363','https://tickets.interpark.com/goods/23002045','서울'),(78,'콘체르트보눔 (콘체르트보눔)','예감살롱콘서트','2023-02-25','2023-06-24','전석 30000원','콘서트','ttp://pf.kakao.com/_pLRaxj','https://booking.naver.com/booking/5/bizes/185826','부산'),(79,'동국대학교 이해랑 예술극장','옥천여관','2023-03-17','2023-04-02','전석 30000원','연극','02-2260-8563','https://tickets.interpark.com/goods/23002892','서울'),(80,'세종문화회관 세종대극장','마술피리','2023-03-30','2023-04-02','VIP석 150000원 / S석 120000원 / R석 100000원 / A석 80000원 / B석 50000원','오페라','02-399-1783~6','https://season.sejongpac.or.kr/portal/performance/performance/view.do?performIdx=33848&menuNo=200004','서울'),(81,'아르코예술극장 소극장','제32회 대한민국 신춘문예 페스티벌','2023-03-30','2023-04-09','균일석 2만원','연극','02-3668-0007','https://theater.arko.or.kr/Product/OpenNotice/225112','서울'),(82,'자유극장','쇄골에 천사가 잠들고 있다','2023-03-30','2023-04-12','전석 45000원','연극','1544-1555','https://tickets.interpark.com/goods/23002752','서울'),(83,'국립극장 해오름극장','국립국악관현악단 관현악시리즈Ⅲ','2023-03-31','2023-03-31','R석 5만원 S석 3만원 A석 2만원','국악','02-2280-4114','https://www.ntok.go.kr/kr/Ticket/Performance/Details?performanceId=266245','서울'),(84,'대학로예술극장 대극장','미나유(유정옥)＜더로드(The Road)＞ - 2022 창작산실 올해의신작 무용','2023-03-31','2023-04-01','균일석 4만원','무용','관람 URL 참조','https://theater.arko.or.kr/product/performance/257886','서울'),(85,'대학로예술극장 소극장','＜체공녀 강주룡＞','2023-03-31','2023-04-02','균일석 4만원','국악','02-6052-8552','https://theater.arko.or.kr/product/performance/257888','서울'),(86,'아신극장','[대전] 내 귀에 캔디','2023-03-31','2023-05-07','전석 35000원','연극','1599-9210','http://ticket.yes24.com/Perf/45119','대전'),(87,'서대문문화체육회관','[서대문] 라푼젤','2023-04-01','2023-04-01','전석 30000원','뮤지컬','02-360-8560~1','https://tickets.interpark.com/goods/23000311','서울'),(88,'달서아트센터','제40회 대구연극제 벼리덕이','2023-04-01','2023-04-01','전석 1만원','연극','053-584-8715','https://booking.naver.com/booking/12/bizes/857192','대구'),(89,'반석아트홀','[화성] 연극 on stage 붉은 낙엽','2023-04-01','2023-04-01','전석 35000원','연극','1588-5234','https://tickets.interpark.com/goods/23002299','경기'),(90,'금나래아트홀','[서울 금천] 피터래빗','2023-04-01','2023-04-01','전석 35000원','뮤지컬','02-2627-2981~5','https://tickets.interpark.com/goods/23002472','서울'),(91,'유앤아이센터 화성아트홀','질서','2023-04-01','2023-04-01','VIP석 40000원 R석 22000원 S석 28000원 A석 18000원','연극','031-8015-8154','https://booking.naver.com/booking/12/bizes/847010','경기'),(92,'울산북구문화예술회관','[울산] 라푼젤','2023-04-01','2023-04-02','전석 35000원','뮤지컬','052-241-7350','http://www.ticketlink.co.kr/product/42402','울산'),(93,'금정문화회관','[부산] 책먹는여우','2023-04-01','2023-04-02','전석 30000원','뮤지컬','031-633-4864','http://www.ticketlink.co.kr/product/42014','부산'),(94,'중구문화의전당','[울산] 엄마까투리: 마트에 간 꽁지','2023-04-01','2023-04-02','전석 55000원','뮤지컬','1800-6567','https://tickets.interpark.com/goods/23000288','울산'),(95,'고양어울림누리','[고양] 캐치! 티니핑: 신비한 상자를 열어라!','2023-04-01','2023-04-02','R석 66000원 S석 44000원','뮤지컬','1688-6675','http://www.ticketlink.co.kr/product/42364','경기'),(96,'순천문화예술회관','[순천] 바다탐험대 옥토넛 시즌2: 대산호초 보호작전','2023-04-01','2023-04-02','전석 55000원 사전예약 33900원','뮤지컬','탑월드 1800-7672','http://www.ticketlink.co.kr/product/41955','전남'),(97,'세종문화예술회관','[세종] 허풍선이 과학쇼 장영실 VS 에디슨','2023-04-01','2023-04-02','전석 20000원','뮤지컬','044-850-8940','https://tickets.interpark.com/goods/23002910','세종'),(98,'용인문예회관 처인홀','[용인] 반짝이는 프리채널: 두근두근! 주얼 컬렉션!','2023-04-01','2023-04-02','전석 60000원','뮤지컬','1522-2061','http://www.ticketlink.co.kr/product/42636','경기'),(99,'다산아트홀','[남양주] 빨간모자와 늑대','2023-04-01','2023-04-02','전석 25000원','뮤지컬','1670-7343','http://www.ticketlink.co.kr/product/42002','경기'),(100,'국립중앙박물관 극장 용','라흐마니노프','2023-04-01','2023-04-22','R석 77000원 S석 55000원 A석 44000원','뮤지컬','02-588-7708','http://ticket.yes24.com/Perf/45040','서울'),(101,'상상나라극장','[서울] 겁쟁이빌리','2023-04-01','2023-05-07','전석 35000원','뮤지컬','02-456-0116','https://tickets.interpark.com/goods/23002820','서울'),(102,'경복궁아트홀','소년 이순신','2023-04-01','2023-05-28','전석 30000원','뮤지컬','경복궁아트홀 02-735-0506','http://ticket.yes24.com/Perf/45032','서울'),(103,'샤롯데씨어터','데스노트','2023-04-01','2023-06-18','VIP석 160000원 R석 140000원 S석 110000원 A석 80000원','뮤지컬','1588-5212','http://www.ticketlink.co.kr/product/42606','서울'),(104,'세종문화회관 S씨어터','키스','2023-04-07','2023-04-30','R석 45000원 S석 35000원','연극','서울시극단 02-399-1137','https://www.sejongpac.or.kr/portal/performance/performance/view.do?performIdx=33869&menuNo=200004','서울'),(105,'국립극장 하늘극장','국립극장','2023-04-08','2023-04-08','전석 2만원','국악','02-2280-4114','https://www.ntok.go.kr/kr/Ticket/Performance/Details?performanceId=266255','서울'),(106,'평촌아트홀','안양을 빛낸 아티스트 I  피아니스트 임현정','2023-04-09','2023-04-09','전석 3만원','음악','031-687-0555 / 0500','https://www.ayac.or.kr/base/ayac/performance/read?performanceNo=2782&menuLevel=2&menuNo=1&year=2023&month=4&currentDate=1','경기'),(107,'국립극장 해오름극장','국립국악관현악단','2023-04-13','2023-04-13','R석 3만원 S석 2만원','국악','02-2280-4114','https://www.ntok.go.kr/kr/Ticket/Performance/Details?performanceId=266249','서울'),(108,'세종문화회관 체임버홀','서울시합창단 [마스터 시리즈]','2023-04-13','2023-04-14','전석 3만원','음악','02-399-1000','https://www.sejongpac.or.kr/portal/performance/performance/view.do?performIdx=33852&menuNo=200004','서울'),(109,'국립극장 해오름극장','국립극장 기획공연 <2023 함께 봄>','2023-04-15','2023-04-15','전석 1만원','음악','02-2280-4114','https://www.ntok.go.kr/kr/Ticket/Performance/Details?performanceId=266251','서울'),(110,'국립극장 달오름극장','국립무용단','2023-04-20','2023-04-22','R석 3만원 S석 2만원','무용','02-2280-4114','https://www.ntok.go.kr/kr/Ticket/Performance/Details?performanceId=266260','서울'),(111,'국립극장 해오름극장','2023 명연주자 시리즈','2023-04-21','2023-04-21','R석 50000원 S석 30000원 A석 20000원','국악','02-399-1000','https://www.ntok.go.kr/kr/Ticket/Performance/Details?performanceId=266391','서울'),(112,'국립극장 하늘극장','국립국악관현악단 어린이 음악회','2023-04-26','2023-05-06','전석 2만원','국악','02-2280-4114','https://www.ntok.go.kr/kr/Ticket/Performance/Details?performanceId=266246','서울'),(113,'국립극장 달오름극장','국립창극단','2023-04-27','2023-04-28','R석 4만원 S석 3만원','국악','02-2280-4114','https://www.ntok.go.kr/kr/Ticket/Performance/Details?performanceId=266240','서울'),(114,'동대문디자인플라자(DDP)','장소의 순환','2023-02-01','2023-06-30','무료','전시','02-2153-0000','https://ddp.or.kr/index.html?menuno=230&siteno=2&bbsno=464&boardno=15&cateSched=15&bbstopno=464&act=view','서울'),(115,'한옥마을아트홀','[전주] 하나 둘 셋 김치!','2023-03-24','2023-06-03','전석 20000원','연극','063-282-1033','http://www.tmon.co.kr/deal/16248266310','전북'),(116,'아르코예술극장 소극장','은수의 세상 & 착해빠져선','2023-03-30','2023-04-02','전석 20000원','연극','02-322-3658','https://theater.arko.or.kr/product/performance/257889','서울'),(117,'아르코예술극장 소극장','Before Anyone Else 어느 누구보다 먼저 & 래빗 헌팅','2023-03-30','2023-04-02','전석 20000원','연극','02-322-3658','https://theater.arko.or.kr/product/performance/257890','서울'),(118,'하남문화예술회관','[하남] 번개맨: 우주최강 번개삼총사','2023-04-01','2023-04-02','R석 66000원 S석 33000원','뮤지컬','1688-6675','http://www.ticketlink.co.kr/product/42318','경기'),(119,'KBS 울산홀','[울산] 시크릿쥬쥬 시즌3 별의여신 마지막콘서트','2023-04-01','2023-04-02','R석 66000원 S석 55000원','뮤지컬','070-4045-2302','http://www.ticketlink.co.kr/product/42287','울산'),(120,'아양아트센터','[대구] 틀려도 괜찮아','2023-04-01','2023-04-02','R석 60000원 S석 50000원','뮤지컬','02-555-0822~3 1143','http://www.ticketlink.co.kr/product/42290','대구'),(121,'백암아트홀','엄마까투리는 슈퍼맘','2023-04-01','2023-05-07','R석 60000원 S석 50000원','뮤지컬','1544-1555','https://tickets.interpark.com/goods/23003036','서울'),(122,'동두천시민회관','[동두천] 라푼젤','2023-04-02','2023-04-02','전석 30000원','뮤지컬','031-860-3244','https://tickets.interpark.com/goods/23001673','경기'),(123,'쌍벽루아트홀','[양산] 빨간모자와늑대','2023-04-02','2023-04-02','전석 30000원','뮤지컬','055-379-8560','https://booking.naver.com/booking/12/bizes/850923','경남'),(124,'평택남부문예회관 대공연장','[평택] 피노키오','2023-04-02','2023-04-02','전석 30000원','뮤지컬','031-8024-5411','https://tickets.interpark.com/goods/23000446','경기'),(125,'수원청소년문화센터','[수원] 알라딘','2023-04-02','2023-04-02','전석 30000원','뮤지컬','031-218-0400','https://tickets.interpark.com/goods/23001766','경기'),(126,'드림시어터 소극장','선물 인투 더 바이블','2023-04-03','2023-04-09','전석 30000원','뮤지컬','02-588-4106','https://tickets.interpark.com/goods/23000727','서울'),(127,'예술의전당 리사이틀홀','이정은 피아노 독주회_베토벤 피아노 소나타 전곡 시리즈1.','2023-04-09','2023-04-09','전석 3만원','음악','02-6339-2040','https://www.sac.or.kr/site/main/show/show_view?SN=48171','서울'),(128,'울산시립미술관','울산시립미술관 컬렉션 : 미래 수집','2023-02-16','2023-05-21','입장료 1000원','전시','052-211-3800','https://www.ulsan.go.kr/s/uam/bbs/view.ulsan?bbsId=BBS_0000000000000174&mId=001003001000000000&dataId=35927','울산'),(129,'대학로 스타 스테이지','[대학로] 신데렐라','2023-03-05','2023-04-30','전석 20000원','뮤지컬','02-1522-0788','https://booking.naver.com/booking/12/bizes/857107','서울'),(130,'대학로 스타 스테이지','[대학로] 아기돼지 삼형제','2023-03-05','2023-04-30','전석 20000원','뮤지컬','02-1522-0788','https://booking.naver.com/booking/12/bizes/857084','서울'),(131,'대학로 스타 스테이지','[대학로] 오즈의 마법사','2023-03-05','2023-04-30','전석 20000원','뮤지컬','02-1522-0788','https://tickets.interpark.com/goods/23002744','서울'),(132,'레미어린이극장 금천점','[서울 금천] 바보온달과 평강공주','2023-03-11','2023-04-08','전석 15000원','뮤지컬','02-868-5961','https://booking.naver.com/booking/12/bizes/264373/items/4877939','서울'),(133,'한해랑아트홀','[전주] 어린왕자의 꿈','2023-03-18','2023-04-09','전석 35000원','뮤지컬','1644-4356','https://tickets.interpark.com/goods/23002973','전북'),(134,'한해랑아트홀','[전주] 아모르파티','2023-03-18','2023-04-09','전석 35000원','연극','1644-4356','https://tickets.interpark.com/goods/23003032','전북'),(135,'올림픽홀 뮤즈라이브','[서울] 프렌쥬 신비의 손전등','2023-03-31','2023-04-23','전석 50000원','뮤지컬','070-4137-5065','https://tickets.interpark.com/goods/23003117','서울'),(136,'계양문화회관','[계양] 우리아빠가 최고야','2023-04-01','2023-04-01','전석 40000원','뮤지컬','1544-1555','https://tickets.interpark.com/goods/23002306','인천'),(137,'양천문화회관','[서울 양천] 백설공주','2023-04-01','2023-04-01','전석 30000원','뮤지컬','1588-6212','https://booking.naver.com/booking/12/bizes/848562','서울'),(138,'오산문화예술회관','[오산] 누가 내머리에 똥쌌어?','2023-04-01','2023-04-01','R석 40000원 S석 30000원','뮤지컬','1599-9354','http://www.ticketlink.co.kr/product/42462','경기'),(139,'춘천문화예술회관','[춘천] 프린세스 공주뮤지컬쇼','2023-04-01','2023-04-01','전석 40000원','뮤지컬','진엔터컴 1566-7356','http://www.ticketlink.co.kr/product/42455','강원'),(140,'제천시문화회관','[제천] 겨울왕국2: 엘사의모험','2023-04-01','2023-04-01','전석 40000원','뮤지컬','043-641-5552','https://tickets.interpark.com/goods/23002399','충북'),(141,'광명문화예술교육지원센터 광명극장','[광명] 피터팬','2023-04-01','2023-04-01','전석 40000원','뮤지컬','02-2621-8890','https://booking.naver.com/booking/12/bizes/227867','경기'),(142,'북구 문화빙상센터 문화예술회관','[부산] 빨간모자와 늑대','2023-04-01','2023-04-01','전석 30000원','뮤지컬','070-7807-9095','https://booking.naver.com/booking/12/bizes/850921','부산'),(143,'구로구민회관','[구로] 피노키오','2023-04-01','2023-04-01','전석 30000원','뮤지컬','02-860-2592','https://tickets.interpark.com/goods/23000314','서울'),(144,'전주덕진예술회관','[전주] 백설공주','2023-04-01','2023-04-02','전석 40000원','뮤지컬','063-281-6650','https://booking.naver.com/booking/12/bizes/851201','전북'),(145,'용인포은아트홀','[용인] 미니특공대: 브이레인저스','2023-04-01','2023-04-02','1층석 65000원 2층석 55000원','뮤지컬','1577-4868','http://www.ticketlink.co.kr/product/42497','경기'),(146,'신세계 문화홀 대구점','[대구] 피노키오','2023-04-01','2023-04-02','전석 35000원','뮤지컬','070-4045-2302','https://tickets.interpark.com/goods/23001609','대구'),(147,'안산문화예술의전당','[안산] 지구를 지켜라','2023-04-01','2023-04-02','전석 66000원','뮤지컬','1544-1555','https://tickets.interpark.com/goods/23001719','경기'),(148,'대백프라자 프라임홀','[대구] 사과가 쿵','2023-04-01','2023-04-02','전석 30000원','뮤지컬','053-420-8088','http://www.ticketlink.co.kr/product/42468','대구'),(149,'KBS부산홀','[부산] (앵콜) 브레드이발소 대결! 최고의 이발사','2023-04-01','2023-04-02','1층석 60000원 2층석 50000원','뮤지컬','1588-7890','http://www.ticketlink.co.kr/product/42447','부산'),(150,'한밭대학교 아트홀','[대전] 티티체리: 용의 생일파티를 도와라','2023-04-01','2023-04-02','R석 39000원 S석 33000원','뮤지컬','070-4108-9999','http://ticket.yes24.com/Perf/44885','대전'),(151,'인천문화예술회관','[인천] 이상한 과자 가게 전천당','2023-04-01','2023-04-02','전석 70000원','뮤지컬','1588-7890','http://www.ticketlink.co.kr/product/42408','인천'),(152,'용인시 평생학습관','[용인] 사운드 오브 뮤직','2023-04-01','2023-04-02','R석 40000원 S석 30000원','뮤지컬','070-4045-2302','http://www.ticketlink.co.kr/product/42437','경기'),(153,'부산시민회관','[부산] 무지개 물고기','2023-04-01','2023-04-02','R석 35000원','뮤지컬','극단 오즈 1661-6702','http://www.ticketlink.co.kr/product/42422','부산'),(154,'성남아트리움 (구 성남시민회관)','[성남] 고고다이노 우리동네공룡','2023-04-01','2023-04-02','전석 66000원','뮤지컬','더화랑이엔티 1800-6567','https://booking.naver.com/booking/12/bizes/829928','경기'),(155,'강동문화복지회관 천생아트홀','[구미] 반짝반짝 달님이: 버블버블 마법의 솜사탕','2023-04-01','2023-04-02','R석 30500원 S석 25500원','뮤지컬','엔투게더 070-4108-9999','http://ticket.yes24.com/Perf/44705','경북'),(156,'홈플러스천안신방점소극장','[천안] (앵콜) 신데렐라','2023-04-01','2023-04-08','전석 20000원','뮤지컬','041-578-1090','https://booking.naver.com/booking/12/bizes/787769','충남'),(157,'NC소극장 안산 고잔','[안산] 구름빵2','2023-04-01','2023-04-16','전석 30000원','뮤지컬','031-414-2100','https://booking.naver.com/booking/12/bizes/835843','경기'),(158,'대학로 선돌극장','어린이·청소년부문 낭독공연 바람의 전화','2023-04-03','2023-04-03','전석무료','연극','02-322-3658','https://playticket.co.kr/nav/detail.html?idx=2273','서울'),(159,'경주세계문화엑스포 문화센터 공연장','[경주] 인피니티 플라잉 (INFINITY FLYING)','2023-04-04','2023-11-30','전석 30000원','기타','054-775-0815','https://booking.naver.com/booking/12/bizes/153378','경북'),(160,'MOKA가든','제주도 돌땡이와 갈치','2023-03-02','2023-06-11','무료','전시','031-8078-2900','https://www.hmoka.org/exhibitions/current/view.do?st_cd=780&seq=130','경기'),(161,'울산 레미어린이극장','[울산] 아기돼지 삼형제','2023-03-11','2023-04-02','전석 15000원','뮤지컬','052-288-8799','https://booking.naver.com/booking/12/bizes/266447','울산'),(162,'연극실험실 혜화동 1번지','국산예수','2023-03-24','2023-04-02','전석 30000원','연극','0507-1379-7237','https://tickets.interpark.com/goods/23003178','서울'),(163,'한성아트홀','쉐이크','2023-04-05','2023-04-16','전석 40000원','연극','관람 URL 참조','https://tickets.interpark.com/goods/23003206','서울'),(164,'아르코예술극장 소극장','제32회 대한민국 신춘문예 페스티벌 두더지 떼 & 식사','2023-04-06','2023-04-09','전석 20000원','연극','02-322-3658','https://theater.arko.or.kr/product/performance/257892','서울'),(165,'아르코예술극장 소극장','제32회 대한민국 신춘문예 페스티벌 집의 생존자들 & 식빵을 사러 가는 소년','2023-04-06','2023-04-09','전석 20000원','연극','02-322-3658','https://theater.arko.or.kr/product/performance/257891','서울'),(166,'골프존조이마루 아트홀','[대전] 임금님귀는 당나귀귀','2023-03-11','2023-04-09','전석 15000원','뮤지컬','042-862-2221','https://booking.naver.com/booking/12/bizes/264422','대전'),(167,'헤드비갤러리 Hedwig gallery','유연한 유영','2023-03-14','2023-04-08','무료','전시','031-629-9998','https://www.instagram.com/p/Cpj_2thprgg/?utm_source=ig_web_copy_link','경기'),(168,'소나무극장','[광명] 피노키오','2023-03-25','2023-05-14','전석 15000원','뮤지컬','관람 URL 참조','https://booking.naver.com/booking/12/bizes/634281','경기'),(169,'달서아트센터','별이 쏟아지는 물창 아래서','2023-03-30','2023-03-30','전석 30000원','연극','1544-1555','https://tickets.interpark.com/goods/23003317','대구'),(170,'대전예술의전당','[대전] 디바','2023-03-31','2023-04-02','VIP석 120000원 R석 100000원 S석 80000원 A석 50000원','뮤지컬','1800-8508','https://tickets.interpark.com/goods/23003215','대전'),(171,'창녕문화예술회관','[창녕] 라이어 1탄','2023-04-06','2023-04-07','1층석 15000원 2층석 11000원','연극','055-530-1911','https://www.cng.go.kr/art/00004787/00004788.web?amode=view&schCode=763&schHsort2=show','경남'),(172,'두산갤러리','이은희 개인전 《피로의 한계》','2023-03-08','2023-04-05','무료','전시','02-708-5050','https://www.doosanartcenter.com/ko/exhibit/1552','서울'),(173,'신화테마파크','JSW SPRING BREEZE CONCERT','2023-03-18','2023-04-22','무료','음악','064-908-6133','https://www.shinhwaworld.com/article.aspx?lang=KR&aid=8075','제주'),(174,'대학로 선돌극장','제32회 대한민국 신춘문예 페스티벌 요한을 찾습니다','2023-04-05','2023-04-08','전석 10000원','연극','02-322-3658','https://playticket.co.kr/nav/detail.html?idx=2274','서울'),(175,'안동문화예술의전당 웅부홀','[안동] 6시 퇴근','2023-04-07','2023-04-07','R석 30000원 S석 20000원 A석 10000원','뮤지컬','054-840-3600','https://booking.naver.com/booking/12/bizes/854774','경북'),(176,'이화여자대학교 대강당','서울시향이 드리는 아주 특별한 콘서트','2023-04-07','2023-04-07','전석 1만원','음악','1588-1210','https://www.seoulphil.or.kr/perf/view?perfNo=5389&calendarDate=2023/04/07&langCd=ko&menuFlag=MFLG0001','서울'),(177,'남한산성아트홀','제2회 너른고을 연극축제 템플','2023-04-07','2023-04-08','전석 15000원','연극','1522-0338','https://tickets.interpark.com/goods/23002398','경기'),(178,'부평아트센터','[인천] 독심의 술사','2023-04-07','2023-04-08','R석 30000원 S석 20000원','연극','032-500-2000','https://tickets.interpark.com/goods/23002686','인천'),(179,'이천아트홀','[이천] 목 짧은 기린 지피','2023-04-07','2023-04-08','전석 45000원','뮤지컬','070-8728-1215','http://www.ticketlink.co.kr/product/42553','경기'),(180,'세종문화예술회관','[세종] 바다탐험대 옥토넛 시즌2: 대산호초 보호작전','2023-04-07','2023-04-08','전석 55000원','뮤지컬','1800-7672','http://www.ticketlink.co.kr/product/42077','세종'),(181,'한국소리문화의전당','[전주] 알사탕','2023-04-07','2023-04-09','1층석 60000원 2층석 40000원','뮤지컬','1533-7244','http://www.ticketlink.co.kr/product/42345','전북'),(182,'GS칼텍스 예울마루','[여수] 브로드웨이 42번가','2023-04-07','2023-04-09','R석 140000원 S석 120000원 A석 90000원','뮤지컬','1544-7669','https://tickets.interpark.com/goods/23000761','전남'),(183,'삼일로창고극장','우리 멧돼지가 나오는 집으로 갈까요?','2023-04-07','2023-04-16','전석 30000원','연극','02-416-9577','https://tickets.interpark.com/goods/23003017','서울'),(184,'여우별아트홀','[대구] 행복','2023-04-07','2023-05-28','전석 40000원','연극','053-267-1932','https://booking.naver.com/booking/12/bizes/395723','대구'),(185,'용산아트홀','[용산] 알라딘','2023-04-08','2023-04-08','전석 30000원','뮤지컬','1544-1555','https://tickets.interpark.com/goods/23000716','서울'),(186,'은평문화예술회관','[은평] 라푼젤','2023-04-08','2023-04-08','전석 30000원','뮤지컬','1544-1555','https://tickets.interpark.com/goods/23000718','서울'),(187,'김포아트홀','[김포] 돼지책','2023-04-08','2023-04-08','전석 30000원','뮤지컬','031-633-4864','https://booking.naver.com/booking/12/bizes/831747','경기'),(188,'강동문화복지회관 천생아트홀','[구미] 인어공주','2023-04-08','2023-04-08','전석 40000원','뮤지컬','관람 URL 참조','http://www.ticketlink.co.kr/product/42841','경북'),(189,'예술의전당 콘서트홀','새로운 비상(飛上) 한예종 개교 30주년 동문음악회','2023-04-08','2023-04-08','R석 8만원 / S석 6만원 / A석 4만원 / B석 2만원','음악','02-541-2513','https://tickets.interpark.com/goods/23003326','서울'),(190,'한국소리문화의전당','[전주] 브레드이발소: 대결! 최고의 이발사','2023-04-08','2023-04-09','1층석 60000원 2층석 50000원','뮤지컬','1588-7890','http://www.ticketlink.co.kr/product/42351','전북'),(191,'천안예술의전당','[천안] 틀려도 괜찮아','2023-04-08','2023-04-09','R석 50000원','뮤지컬','02-555-0822~3 1143','http://www.ticketlink.co.kr/product/42291','충남'),(192,'부천시민회관 대공연장','[부천] 시크릿쥬쥬 시즌3: 별의여신 마지막콘서트','2023-04-08','2023-04-09','1층석 60000원 2층석 50000원','뮤지컬','1577-4868','http://www.ticketlink.co.kr/product/42265','경기'),(193,'통영국제음악당','통영국제음악회 온드레이 아다멕: 디너','2023-04-08','2023-04-09','전석 50000원','음악','055-650-0400','https://www.timf.org/kr/sub/ticket/view.asp?idx=1430&s_date=2023-04-08','경남'),(194,'양산문화예술회관','[양산] 장수탕 선녀님','2023-04-08','2023-04-09','전석 60000원','뮤지컬','055-379-8550','https://www.yangsanart.net/stms/art/schedule/280','경남'),(195,'유니버설아트센터','[서울] 꼬마버스 타요: 용감한 구조대 레스큐 타요','2023-04-08','2023-05-07','VIP석 70000원 R석 60000원 S석 50000원','뮤지컬','1661-0759','https://tickets.interpark.com/goods/23003257','서울'),(196,'노원구민의전당(구 노원구민회관)','[서울 노원] 겨울왕국: 겨울이야기','2023-04-08','2023-04-08','전석 40000원','뮤지컬','02-2289-6841','https://tickets.interpark.com/goods/23002894','서울'),(197,'평택남부문예회관 대공연장','[평택] 인어공주','2023-04-08','2023-04-08','전석 40000원','뮤지컬','1544-1555','https://tickets.interpark.com/goods/23002808','경기'),(198,'군산어린이공연장','[군산] 아기돼지 삼형제','2023-04-08','2023-04-08','전석 30000원','뮤지컬','02-959-2830','http://www.ticketlink.co.kr/product/42665','전북'),(199,'서산문화원','[서산] 아기돼지삼형제','2023-04-08','2023-04-08','전석 20000원','뮤지컬','070-7807-9095','https://booking.naver.com/booking/12/bizes/850936','충남'),(200,'달서아트센터','[대구] 아기 돼지 삼형제','2023-04-08','2023-04-08','전석 25000원','뮤지컬','관람 URL 참조','http://www.ticketlink.co.kr/product/42503','대구'),(201,'북구 문화빙상센터 문화예술회관','[부산] 사운드 오브 뮤직','2023-04-08','2023-04-08','전석 35000원','뮤지컬','관람 URL 참조','http://www.ticketlink.co.kr/product/42496','부산'),(202,'세종 예술의전당','[세종] 셰익스피어 인 러브','2023-04-08','2023-04-09','VIP석 110000원 R석 99000원 S석 77000원 A석 55000원','연극','02-3485-8700','https://tickets.interpark.com/goods/23002850','세종'),(203,'성남아트센터','[성남] 신비아파트 시즌5 : 감염된 도시의 비밀','2023-04-08','2023-04-09','VIP석 66000원 R석 55000원','뮤지컬','1588-0766','http://ticket.yes24.com/Perf/45073','경기'),(204,'안양아트센터','[안양] 프린세스 공주뮤지컬쇼','2023-04-08','2023-04-09','전석 40000원','뮤지컬','1566-7356','http://www.ticketlink.co.kr/product/42614','경기'),(205,'서귀포예술의전당','[제주] 고고다이노 우리동네공룡','2023-04-08','2023-04-09','R석 35000원 S석 30000원','뮤지컬','070-4108-9999','http://ticket.yes24.com/Perf/44997','제주'),(206,'성산아트홀','[창원] 번개맨: 우주최강 번개삼총사','2023-04-08','2023-04-09','R석 66000원 S석 33000원','뮤지컬','1688-6675','http://www.ticketlink.co.kr/product/42560','경남'),(207,'울산북구문화예술회관','[울산] 우리 아빠가 최고야','2023-04-08','2023-04-09','사전예약 23000원','뮤지컬','053-423-1219','https://tickets.interpark.com/goods/23001861','울산'),(208,'경남문화예술회관 대공연장','[진주] 급식왕: 발가락 떡볶이의 비밀','2023-04-08','2023-04-09','전석 70000원','뮤지컬','1522-2061','http://www.ticketlink.co.kr/product/42533','경남'),(209,'신세계 문화홀 대구점','[대구] 마술고양이','2023-04-08','2023-04-09','전석 35000원','기타','070-4045-2302','http://www.ticketlink.co.kr/product/42508','대구'),(210,'부산문화회관 중극장','[부산] 핑크퐁과 아기상어의 생일파티 대소동','2023-04-08','2023-04-09','R석 70000원 S석 60000원','뮤지컬','070-4108-9999','http://ticket.yes24.com/Perf/44958','부산'),(211,'대구문화예술회관','[대구] 아트(ART)','2023-04-08','2023-04-09','R석 65000원 S석 45000원','연극','053-606-6135 6133','http://www.ticketlink.co.kr/product/42498','대구'),(212,'5.18기념문화센터','[광주] 슈퍼 히어로의 똥 닦는 법','2023-04-08','2023-04-09','R석 55000원 S석 45000원','뮤지컬','1688-8616','http://www.ticketlink.co.kr/product/42492','광주'),(213,'청주예술의전당','[청주] 티티체리: 용의 생일파티를 도와라','2023-04-08','2023-04-09','R석 39000원 S석 33000원','뮤지컬','053-423-1219','http://ticket.yes24.com/Perf/44897','충북'),(214,'장안구민회관(한누리아트홀)','[수원] 라푼젤','2023-04-08','2023-04-09','전석 35000원','뮤지컬','좋은사람들 070-4045-2302','http://www.ticketlink.co.kr/product/42440','경기'),(215,'용인포은아트홀','[용인] 민쩌미 사랑해요 엄마!','2023-04-08','2023-04-09','R석 66000원 S석 55000원','뮤지컬','070-4045-2302','http://www.ticketlink.co.kr/product/42419','경기'),(216,'우송예술회관','[대전] 이상한 과자 가게 전천당','2023-04-08','2023-04-09','1층석 70000원 2층석 60000원','뮤지컬','티켓링크 1588-7890','http://www.ticketlink.co.kr/product/42409','대전'),(217,'용인시문예회관 처인홀','[용인] 이상한 엄마','2023-04-08','2023-04-09','R석 60000원 S석 40000원','뮤지컬','1533-7446','http://www.ticketlink.co.kr/product/42359','경기'),(218,'팝콘D스퀘어 대원뮤지엄','[용산] 피노키오','2023-04-08','2023-04-23','전석 35000원','뮤지컬','02-6373-3366','https://booking.naver.com/booking/12/bizes/852624','서울'),(219,'목동방송회관 코바코홀(구 브로드홀)','[서울 목동] 누가 내머리에 똥쌌어?','2023-04-08','2023-04-30','R석 40000원 S석 30000원','뮤지컬','02-3219-5702','https://booking.naver.com/booking/12/bizes/840666','서울'),(220,'예술의전당 IBK챔버홀','조이오브스트링스 정기연주회 <사랑의 계절>','2023-04-13','2023-04-13','R석 7만/ S석 5만 / A석 3만','음악','02-780-5054','https://www.sac.or.kr/site/main/show/show_view?SN=48164','서울'),(221,'롯데콘서트홀','피에르로랑 에마르의 리게티 피아노 협주곡','2023-04-19','2023-04-20','R 100000 S 80000 A 50000 B 30000 C 10000','음악','1588-1210','https://www.seoulphil.or.kr/perf/view?perfNo=5231&calendarDate=2023/04/19&langCd=ko&menuFlag=MFLG0001','서울'),(222,'이화여자대학교 김영의홀','김희성 파이프 오르간 독주회 with 카로스 타악기 앙상블','2023-04-24','2023-04-24','전석 초청','음악','02-780-5054','https://booking.naver.com/booking/5/bizes/831299/items/4902125?preview=1','서울'),(223,'하남문화예술회관','스페셜 발레 갈라','2023-04-26','2023-04-26','전석 1만원(문화가 있는 날 특별가)','무용','031-790-7979','https://www.hnart.or.kr/artcenter/showView.do?key=184&programId=artcenter&shNo=3159&cal=2','경기'),(224,'서울숲스튜디오301','프레데릭 앤 프란츠 3편 : 4를 위하여','2023-03-18','2023-04-08','성인 30000원 청소년 15000원','음악','0507-1407-7473','https://m.booking.naver.com/booking/5/bizes/601161','서울'),(225,'대학로 유니플렉스 3관','체인징파트너','2023-03-18','2023-05-31','전석 50000원','연극','02-745-7610','https://tickets.interpark.com/goods/23003308','서울'),(226,'극장동국','제9회 무죽페스티벌 ANIMA','2023-03-22','2023-04-02','전석 30000원','연극','02-747-5296','https://tickets.interpark.com/goods/23002196','서울'),(227,'별별극장','팝업 씨어터 공연','2023-03-24','2023-04-02','25000원','연극','02-3679-5679','http://bit.ly/2py_timecapsule','경기'),(228,'후암스테이지','제4회 딜레마 극장 연극제 모르는 사람들','2023-03-28','2023-04-02','전석 30000원','연극','070-4045-2940','https://tickets.interpark.com/goods/23002827','서울'),(229,'성남아트센터','첼리스트 최주연 피아니스트 선소진 듀오 리사이틀 - UNION','2023-03-30','2023-03-30','1만원','음악','070-7918-5566','https://mobileticket.interpark.com/goods/23003495?app_tapbar_state=hide','경기'),(230,'대학로 열린극장','[서울] 안부: 오래된 침묵을 간직한 그녀들의 봄의 제전','2023-03-30','2023-04-02','전석 30000원','연극','062-226-2446','https://playticket.co.kr/nav/detail.html?idx=2280','서울'),(231,'북서울 꿈의숲아트센터','검은 소년','2023-03-31','2023-04-02','전석무료','연극','02-929-6417','https://www.sejongpac.or.kr/portal/performance/performance/view.do?performIdx=33946&menuNo=200004','서울'),(232,'서울남산국악당','거인 앙갈로','2023-04-01','2023-04-01','30000원','연극','02-6358-5500','https://tickets.interpark.com/goods/23002422','서울'),(233,'여주시평생학습센터 여성회관 공연장','[여주] 겨울왕국: 겨울이야기','2023-04-01','2023-04-01','전석 35000원 사전예약 20000원','뮤지컬','여주','https://tickets.interpark.com/goods/23003258','경기'),(234,'달서아트센터','제40회 대구연극제 무좀','2023-04-03','2023-04-03','전석 30000원','연극','1544-1555','https://tickets.interpark.com/goods/23003211','대구'),(235,'제이엘씨어터','망원동 브라더스','2023-04-08','2023-04-30','전석 50000원','연극','1544-1555','https://tickets.interpark.com/goods/23003459','서울'),(236,'노원어린이극장','[서울 노원] 불 켜는 아이','2023-04-08','2023-05-06','전석 2만원','연극','02-2289-3453','https://tickets.interpark.com/goods/23003180','서울'),(237,'광주디자인진흥원 이벤트홀','[광주] 인어공주','2023-04-09','2023-04-09','전석 30000원','뮤지컬','1566-7623','https://tickets.interpark.com/goods/23002815','광주'),(238,'시흥ABC행복학습타운','[시흥] 알라딘','2023-04-09','2023-04-09','전석 30000원','뮤지컬','031-310-2062','https://booking.naver.com/booking/12/bizes/842868','경기'),(239,'보령문화의전당 대강당','[보령] 아기돼지 삼형제','2023-04-09','2023-04-09','전석 25000원','뮤지컬','070-7807-9095','https://tickets.interpark.com/goods/23002042','충남'),(240,'상상플레이스','상상플레이스','2023-02-11','2023-09-28','전석 18000원','기타','055-266-9498','https://booking.naver.com/booking/12/bizes/840112','경남'),(241,'아트뮤제 대치전시장','[아트뮤제 전시] Wet 일상에 예술을 적시다','2023-03-06','2023-03-30','무료','전시','02-543-6151','https://www.artmusee.com/sc/exhibition_view.php?seq=348','서울'),(242,'안똔체홉극장','시라노','2023-03-10','2023-04-09','전석 15000원','연극','02-742-7753','https://www.timeticket.co.kr/?number=4996','서울'),(243,'안똔체홉극장','아마데우스','2023-03-11','2023-04-10','전석 15000원','연극','02-742-7753','https://www.timeticket.co.kr/?number=4997','서울'),(244,'플레이더씨어터','인사이드미','2023-03-18','2023-06-25','전석 40000원','뮤지컬','02-764-0686','https://tickets.interpark.com/goods/23003049','서울'),(245,'한성아트홀','원 펀치 라이프','2023-03-23','2023-04-02','전석 30000원','연극','02-6498-0403','http://ticket.yes24.com/Perf/45264','서울'),(246,'대학로 예술공간 혜화','면회','2023-03-29','2023-04-23','전석 30000원','연극','1544-1555','https://tickets.interpark.com/goods/23003525','서울'),(247,'씨어터 연바람','[광주] 안부: 오래된 침묵을 간직한 그녀들의 봄의 제전','2023-04-05','2023-04-09','전석 30000원','연극','062-226-2446','https://tickets.interpark.com/goods/23003492','광주'),(248,'후암스테이지','제4회 딜레마극장 연극제 조사','2023-04-05','2023-04-09','전석 30000원','연극','0505-894-0202','https://tickets.interpark.com/goods/23002855','서울'),(249,'아트팩토리 봄','댄스씨어터 봄봄','2023-04-07','2023-04-30','전석 30000원','연극','033-263-7222','https://booking.naver.com/booking/12/bizes/858727/items/4926388','강원'),(250,'한국만화박물관','[부천]피터래빗','2023-04-08','2023-04-16','전석 35000원','뮤지컬','032-612-8883','https://booking.naver.com/booking/12/bizes/862188','경기'),(251,'전주 기접놀이전수관 (전주 기접놀이전수관)','읽은척 판소리 북 콘서트: 나는 고양이로소이다','2023-03-31','2023-04-02','전석 12000원','콘서트','063-236-1577','http://ticket.yes24.com/Perf/45277','전북'),(252,'도토리씨어터 (너목들 2관)','너의 목소리가 들려','2023-04-03','2023-04-30','전석 45000원','연극','관람 URL 참조','https://booking.naver.com/booking/12/bizes/196844/items/4935132','서울'),(253,'대전예술의전당','정시은 [Beethoven Special Concert]','2023-04-04','2023-04-04','전석 3만원  (선예매 30%할인) 3월 20일까지','음악','042-270-8333','https://tickets.interpark.com/goods/23003175','대전'),(254,'나루아트센터','보이첵','2023-04-04','2023-04-12','전석 20000원','연극','02-2049-4700','https://tickets.interpark.com/goods/23003521','서울'),(255,'소극장 혜화당','제8회 SF연극제 울지 마 녹슬어','2023-04-05','2023-04-09','전석 30000원','연극','02-742-1505','https://tickets.interpark.com/goods/23003532','서울'),(256,'고양어울림누리','소년:달 공연','2023-04-08','2023-04-08','전석 15000원','음악','02-6925-6629','https://ticket.melon.com/performance/index.htm?prodId=207966','경기'),(257,'엠스테이지','언제는 행복하지 않은 순간이 있었나요 (언행순)','2023-03-14','2023-12-31','전석 35000원','뮤지컬','02-722-9969','https://tickets.interpark.com/goods/23003033','서울'),(258,'인천어린이과학관','[인천] 난 토마토 절대 안 먹어','2023-03-25','2023-06-25','전석 25000원','뮤지컬','02-766-0976','https://booking.naver.com/booking/12/bizes/861131','인천'),(259,'소극장 혜화당','적','2023-03-30','2023-04-02','전석 30000원','연극','02-742-1505','https://playticket.co.kr/nav/detail.html?idx=2283','서울'),(260,'소극장 공유(구.키작은소나무극장)','살인자K','2023-03-28','2023-04-02','전석 30000원','연극','02-2038-3031','https://tickets.interpark.com/goods/23003739','서울'),(261,'뜻밖의 극장','짙은꿈','2023-03-29','2023-04-02','전석 15000원','연극','02-921-5080','https://tickets.interpark.com/goods/23003626','서울'),(262,'드림시어터 소극장','일해라절해라','2023-03-31','2023-04-02','전석 30000원','연극','070-8780-0096','https://playticket.co.kr/nav/detail.html?idx=2288','서울'),(263,'종로아이들극장','달님이 주신 아이','2023-04-06','2023-04-09','전석 30000원','뮤지컬','070-4655-2550','https://tickets.interpark.com/goods/23003746','서울'),(264,'코델아트홀','제4회 코델 코메디 페스티벌 삼류 인생들!','2023-04-07','2023-04-09','전석 30000원','연극','관람 URL 참조','https://tickets.interpark.com/goods/23002608','서울'),(265,'밀양아리랑아트센터','[밀양] 친정엄마와 2박3일','2023-04-08','2023-04-08','R석 30000원 S석 20000원','연극','055-359-4500','https://mycf.lodev.kr/eventView.do?group_id=2000602','경남'),(266,'대학로예술극장 소극장','소년대로','2023-04-08','2023-04-16','전석 30000원','연극','02-3668-0007','https://theater.arko.or.kr/product/performance/257894','서울'),(267,'대전시립연정국악원','바이올리니스트 오진주 리사이틀 [Remember]','2023-04-11','2023-04-11','전석 2만원 (학생 50%할인)','음악','010-3399-0221','https://tickets.interpark.com/goods/23003183','대전'),(268,'오류아트홀','어린이 환경 뮤지컬 탄소야!탄소야!','2023-04-12','2023-04-15','전석 20000원','뮤지컬','02-2614-7962','https://tickets.interpark.com/goods/23003167','서울'),(269,'소극장 혜화당','제8회 SF연극제 애프터 마리나','2023-04-12','2023-04-16','전석 30000원','연극','02-742-1505','https://tickets.interpark.com/goods/23003565','서울'),(270,'예술의전당 자유소극장','추남 미녀','2023-04-12','2023-05-21','R석 60000원 S석 40000원','연극','02-580-1300','http://ticket.yes24.com/Perf/45226','서울'),(271,'예술의전당 인춘아트홀','첼리스트 노안나 리사이틀 Solo (4월 13일)','2023-04-13','2023-04-13','전석 30000원','음악','070-5226-2119','http://ticket.yes24.com/Perf/45266','서울'),(272,'종로아이들극장','전설의 놀이왕','2023-04-13','2023-04-16','전석 30000원','연극','02-2088-4290','https://tickets.interpark.com/goods/23003404','서울'),(273,'국립극단 백성희장민호극장','창작공감: 작가 몬순','2023-04-13','2023-05-07','전석 35000원','연극','1644-2003','https://www.ntck.or.kr/ko/performance/info/257139','서울'),(274,'현대예술관','[울산] 장수탕 선녀님','2023-04-14','2023-04-15','1층석 45000원 2층석 30000원','뮤지컬','현대예술관 1522-3331','https://www.hhiarts.co.kr/performance/list.do?keyword=&ticketingitemseq=0000003137&mid=0000&SVC_ID=detail&unicodeseqitemtype=0000000607&now=Y&pageNo=1&returnPage=list','울산'),(275,'남한산성아트홀','제2회 너른고을 연극축제 허물','2023-04-14','2023-04-15','전석 10000원','연극','1522-0338','https://tickets.interpark.com/goods/23002359','경기'),(276,'소향씨어터 신한카드홀','[부산] 여신님이 보고 계셔 10th Anniversary','2023-04-14','2023-04-16','R석 99000원 S석 77000원 A석 55000원','뮤지컬','1566-5490','http://ticket.yes24.com/Perf/44733','부산'),(277,'대전예술의전당','[대전] 브로드웨이 42번가','2023-04-14','2023-04-16','VIP석 140000원 R석 120000원 S석 90000원 A석 70000원','뮤지컬','1877-5030','http://ticket.yes24.com/Perf/44851','대전'),(278,'익산예술의전당 대공연장','[익산] 캣츠 오리지널 내한','2023-04-14','2023-04-16','젤리클석 170000원 VIP석 170000원 R석 140000원 S석 110000원 A석 90000원','뮤지컬','063-859-3254','https://tickets.interpark.com/goods/23002244','전북'),(279,'용인포은아트홀','[용인] 싯다르타','2023-04-14','2023-04-16','VIP석 120000원 R석 100000원 S석 80000원 A석 60000원','뮤지컬','02-786-1089','https://tickets.interpark.com/goods/23003253','경기'),(280,'아르코예술극장 소극장','인피니트 에이크','2023-04-14','2023-04-23','전석 50000원','연극','02-3668-0007','https://tickets.interpark.com/goods/23003738','서울'),(281,'과천시민회관 소극장','[과천] 피노키오','2023-04-15','2023-04-15','전석 30000원','뮤지컬','02-2009-9700','https://tickets.interpark.com/goods/23000894','경기'),(282,'강릉아트센터 소공연장','강릉야화 홍장편','2023-04-15','2023-04-15','전석 10000원','뮤지컬','033-651-1517','https://www.kopis.or.kr/por/db/pblprfr/pblprfrView.do?menuId=MNU_00020&mt20Id=PF214525','강원'),(283,'솜리문화예술회관','[익산] 인어공주','2023-04-15','2023-04-15','전석 40000원','뮤지컬','063-859-5278','https://tickets.interpark.com/goods/23003147','전북'),(284,'원주문화원','[원주] 신데렐라','2023-04-15','2023-04-15','전석 40000원','뮤지컬','진엔터컴 1566-7356','http://www.ticketlink.co.kr/product/42887','강원'),(285,'사천시문화예술회관','[사천] 누가 내 머리에 똥 쌌어?','2023-04-15','2023-04-15','전석 40000원','뮤지컬','1670-7343','http://www.ticketlink.co.kr/product/42846','경남'),(286,'삼척문화예술회관','[삼척] 라푼젤','2023-04-15','2023-04-15','전석 40000원','뮤지컬','033-572-1331','http://www.ticketlink.co.kr/product/42758','강원'),(287,'용인시 평생학습관','[용인] 피터팬','2023-04-15','2023-04-15','전석 27500원','뮤지컬','1800-7672','http://www.ticketlink.co.kr/product/42716','경기'),(288,'노원구민의전당(구 노원구민회관)','[서울 노원] 우리 아빠가 최고야','2023-04-15','2023-04-15','전석 40000원','뮤지컬','070-7807-9095','https://booking.naver.com/booking/12/bizes/852084','서울'),(289,'울산문화예술회관 소공연장','[울산] 책먹는여우','2023-04-15','2023-04-16','전석 30000원','뮤지컬','031-633-4864','http://www.ticketlink.co.kr/product/42018','울산'),(290,'울산문화예술회관 대공연장','[울산] 엘사의 생일파티','2023-04-15','2023-04-16','R석 44000원 S석 33000원','뮤지컬','02-555-0822~3','http://www.ticketlink.co.kr/product/42288','울산'),(291,'고양어울림누리','패밀리 초이스 1 캔터빌의 유령','2023-04-15','2023-04-16','R석 30000원 S석 20000원','뮤지컬','1577-7766','https://www.artgy.or.kr/PF/PF0201V.aspx?showid=0000006898','경기'),(292,'신세계백화점 센텀시티점 문화홀','[부산 신세계] 빨간모자와 늑대','2023-04-15','2023-04-16','전석 25000원','뮤지컬','051-805-5355','https://tickets.interpark.com/goods/23003416','부산'),(293,'이천아트홀','[이천] 셰익스피어 인 러브','2023-04-15','2023-04-16','R석 110000원 S석 88000원 A석 55000원 B석 22000원','연극','이천아트홀 031-636-2202','https://tickets.interpark.com/goods/23002075','경기'),(294,'서대문문화체육회관','[서울 서대문] 무지개 물고기','2023-04-15','2023-04-16','전석 50000원','뮤지컬','02-360-8560~1','http://www.ticketlink.co.kr/product/42536','서울'),(295,'대구 엑스코(EXCO)','[대구] (앵콜) 신비아파트 시즌5: 감염된 도시의 비밀','2023-04-15','2023-04-16','전석 66000원','뮤지컬','1577-4868','http://www.ticketlink.co.kr/product/42518','대구'),(296,'시흥ABC행복학습타운','[시흥] 바다탐험대 옥토넛 시즌2: 대산호초 보호작전','2023-04-15','2023-04-16','전석 55000원','뮤지컬','탑월드 1800-7672','http://www.ticketlink.co.kr/product/42477','경기'),(297,'3.15아트센터','[창원] 누가 내 머리에 똥쌌어?','2023-04-15','2023-04-16','전석 35000원','뮤지컬','070-4045-2302','http://www.ticketlink.co.kr/product/42469','경남'),(298,'KBS 울산홀','[울산] 이상한 과자 가게 전천당','2023-04-15','2023-04-16','1층석 70000원 2층석 60000원','뮤지컬','1588-7890','http://www.ticketlink.co.kr/product/42410','울산'),(299,'김포한강괜찮은홀','[김포] 토끼와 자라','2023-04-15','2023-04-22','전석 30000원','뮤지컬','070-8886-2516','https://booking.naver.com/booking/12/bizes/689778','경기'),(300,'여기는 극장입니다','[부산] 데미안','2023-04-15','2023-04-23','전석 30000원','연극','관람 URL 참조','https://tickets.interpark.com/goods/23003428','부산'),(301,'LG아트센터 서울','차차차원이 다다른 차원','2023-04-15','2023-04-23','전석 45000원','뮤지컬','1661-0017','https://www.lgart.com/product/performance/252754','서울'),(302,'올림픽공원 우리금융아트홀','[서울] 만복이네 떡집','2023-04-15','2023-05-21','VIP석 70000원 R석 60000원 S석 50000원','뮤지컬','02-497-0904','https://tickets.interpark.com/goods/23003539','서울'),(303,'티오엠 씨어터','나르치스와 골드문트','2023-04-15','2023-07-02','R석 66000원 마리아브론석 55000원 S석 44000원','기타','1544-6399','http://ticket.yes24.com/Perf/45227','서울'),(304,'롯데콘서트홀','한경arte 더클래식 2023 네번째 권민석과 서예리','2023-04-26','2023-04-26','R석 50000원 / S석 30000원 / A석 20000원 / B석 10000원','음악','02-360-4071','https://www.lotteconcerthall.com/kor/Performance/ConcertDetails/259456','서울'),(305,'비오케이아트센터','비오케이문화산책 세종시교향악단 금관앙상블 & 세종남성합창단 봄의향연 봄의 사랑이야기','2023-04-26','2023-04-26','15000원','음악','044-868-3960','https://tickets.interpark.com/goods/23002841','세종'),(306,'포항시립미술관','우리는 어디로 가야 하는가','2023-01-19','2023-05-07','무료','전시','054-270-4700','http://poma.pohang.go.kr/poma/p_exh/e_pre/?boardTheme=webjine&skw=&md=now&mode=read&idx=6093&page=1','포항'),(307,'두산아트센터 space111','희미할수록 선명해지는','2023-03-30','2023-03-30','전석무료','연극','02-708-5001','https://www.doosanartcenter.com/ko/performance/1560','서울'),(308,'스튜디오 일상 (스튜디오 일상)','바디바디 체인지!','2023-03-30','2023-04-02','전석 10000원','연극','1544-1555','https://tickets.interpark.com/goods/23003803','서울'),(309,'두산아트센터 space111','동아(凍兒): 얼어붙은 아이','2023-03-31','2023-03-31','무료','연극','02-708-5001','https://www.doosanartcenter.com/ko/performance/1561','서울'),(310,'두산아트센터 space111','두산아트랩 매립지','2023-04-01','2023-04-01','전석무료','연극','02-708-5001','https://www.doosanartcenter.com/ko/performance/1562','서울'),(311,'대백프라자 5층 레오문화홀','[대구] 빨간모자','2023-04-01','2023-05-14','전석 10000원','연극','053-420-8050','https://booking.naver.com/booking/12/bizes/858864','대구'),(312,'소극장울림터','[수원] 살인풍경','2023-04-08','2023-06-24','전석 20000원','연극','031-243-5147','https://booking.naver.com/booking/12/bizes/756110','경기'),(313,'후암씨어터','불편한 편의점','2023-04-08','2023-06-30','전석 60000원','연극','극단지우 1660-2089','https://tickets.interpark.com/goods/23003651','서울'),(314,'구로구민회관','[서울 구로] 겨울왕국2: 엘사의모험','2023-04-15','2023-04-15','전석 40000원','뮤지컬','070-7807-9095','https://booking.naver.com/booking/12/bizes/853275','서울'),(315,'중구문화의전당','[울산] 라푼젤','2023-04-15','2023-04-15','전석 30000원','뮤지컬','052-290-4000','https://tickets.interpark.com/goods/23000922','울산'),(316,'부천시민회관 대공연장','[부천] 반짝이는 프리채널: 두근두근! 주얼 컬렉션!','2023-04-15','2023-04-16','전석 60000원','뮤지컬','1522-2061','http://www.ticketlink.co.kr/product/42718','경기'),(317,'안양아트센터','[안양] 핑크퐁과 아기상어의 생일파티 대소동','2023-04-15','2023-04-16','R석 70000원 S석 60000원','뮤지컬','070-4108-9999','http://ticket.yes24.com/Perf/45093','경기'),(318,'백령아트센터','[춘천] 캐치! 티니핑: 신비한 상자를 열어라!','2023-04-15','2023-04-16','R석 66000원 S석 44000원','뮤지컬','1688-6675','http://www.ticketlink.co.kr/product/42685','강원'),(319,'부평아트센터 해누리극장','[인천] 티티체리: 용의 생일파티를 도와라','2023-04-15','2023-04-16','R석 39000원 S석 33000원','뮤지컬','070-4108-9999','http://ticket.yes24.com/Perf/45059','인천'),(320,'인천문화예술회관','[인천] (앵콜) 브레드이발소: 대결! 최고의 이발사','2023-04-15','2023-04-16','R석 60000원 S석 50000원','뮤지컬','1566-6551','http://www.ticketlink.co.kr/product/42551','인천'),(321,'아트뮤제 대치전시장','MELANCHOLY - 아트뮤제 최화삼 초대개인전','2023-03-15','2023-03-30','무료','전시','02-543-6151','https://www.artmusee.com/sc/exhibition_view.php?seq=351','서울'),(322,'반포심산아트홀','봄의 클래식 향기 Plus Show 꽃의 노래','2023-04-06','2023-04-06','전석 7천원(서초구민 3천원/홈페이지 회원 학생 만65세이상 50% 할인)','음악','02-3477-2805','https://www.seochocf.or.kr/site/main/seocho/show/view?show_idx=533','서울'),(323,'과천시민회관 소극장','[과천] 싱크홀은 사실 콧구멍이야','2023-04-07','2023-04-08','전석 15000원','연극','02-2009-9773','https://tickets.interpark.com/goods/23003886','경기'),(324,'대학로 열린극장','마하','2023-04-07','2023-04-09','전석 3만원','연극','02-743-6474','https://booking.naver.com/booking/12/bizes/860716','서울'),(325,'호은아트홀(구 키득키득아트홀)','오마이갓','2023-04-11','2023-04-30','전석 45000원','연극','02-3673-1590','https://booking.naver.com/booking/12/bizes/90583/items/4936404?area=bni','서울'),(326,'전주덕진예술회관','[전주] 제125회 전주시립극단 선착장에서','2023-04-12','2023-04-15','R석 20000원 S석 15000원','연극','1544-1555','https://tickets.interpark.com/goods/23003919','전북'),(327,'대학로 열린극장','검사반점','2023-04-12','2023-04-30','전석 40000원','연극','02-3219-5702','https://booking.naver.com/booking/12/bizes/865841','서울'),(328,'코델아트홀','다시 봄','2023-04-12','2023-06-25','전석 30000원','연극','070-5135-0222','https://booking.naver.com/booking/12/bizes/862166','서울'),(329,'구로아트밸리예술극장','[서울] 싱크홀은 사실 콧구멍이야','2023-04-14','2023-04-15','전석 10000원','연극','구로문화재단 02-2029-1721 1700','https://tickets.interpark.com/goods/23003820','서울'),(330,'한국잡월드 나래울극장','[성남] 겨울왕국: 겨울이야기','2023-04-15','2023-04-15','전석 25000원','뮤지컬','1644-1333','http://www.ticketlink.co.kr/product/42583','경기'),(331,'빛고을시민문화관','[광주] 신데렐라','2023-04-15','2023-04-15','전석 25000원','뮤지컬','062-670-7900','http://www.ticketlink.co.kr/product/42582','광주'),(332,'롯데백화점 대구 문화홀','[대구] 아기돼지 삼형제','2023-04-15','2023-04-16','전석 30000원','뮤지컬','1533-8098','https://tickets.interpark.com/goods/23001843','대구'),(333,'신세계 문화홀 대구점','[대구] 미녀와야수','2023-04-15','2023-04-16','전석 35000원','뮤지컬','070-4045-2302','http://www.ticketlink.co.kr/product/42509','대구'),(334,'GS칼텍스 예울마루','[여수] 시크릿쥬쥬 시즌3: 별의여신 마지막콘서트','2023-04-15','2023-04-16','전석 60000원','뮤지컬','1522-2061','http://www.ticketlink.co.kr/product/42519','전남'),(335,'해운대문화회관','[부산] 아기돼지삼형제','2023-04-15','2023-04-16','전석 35000원','뮤지컬','070-4045-2302','http://www.ticketlink.co.kr/product/42478','부산'),(336,'양천도서관','“라이프 오아시스 (Life Oasis)”','2023-03-25','2023-04-06','무료','전시','https://www.instagram.com/p/CpubTU3LoOE/?igshid=YmMyMTA2M2Y%3D','https://www.instagram.com/p/CpubTU3LoOE/?igshid=YmMyMTA2M2Y%3D','서울'),(337,'알지비큐브','까망 딱지','2023-03-27','2023-03-31','무료관람','전시','02-6015-0998','http://www.urbanpluto.com/?p=3711','서울'),(338,'메가박스 사상','키즈 오페라 콘서트 - 베버 마탄의 사수','2023-04-01','2023-04-01','3만원(어른1+아이1)','오페라','051-746-2018','https://booking.naver.com/booking/12/bizes/497531','부산'),(339,'메가박스 양산라피에스타','키즈 오페라 콘서트 - 모차르트 마술피리','2023-04-01','2023-04-01','3만원(어른1+아이1)','오페라','051-746-2018','https://booking.naver.com/booking/12/bizes/497531','부산'),(340,'서귀포예술의전당','동백꽃 피는 날','2023-04-01','2023-04-01','전석무료','뮤지컬','064-760-3365','https://eticket.seogwipo.go.kr/openos/concert/concertDetail.do?facilityGroupCode=7&productCode=C400001291','제주'),(341,'어반플루토','그리고 친구가 되다','2023-04-01','2023-04-03','무료관람','전시','02-2633-1343','http://www.urbanpluto.com/?p=3722','서울'),(342,'나온씨어터','비극보다 더 비극적인','2023-04-06','2023-04-23','전석 30000원','연극','1544-1555','https://tickets.interpark.com/goods/23004077','서울'),(343,'청년창조발전소 3층 문화예술공연장','레인보우 키즈 클래식 콘서트 [초록]','2023-04-08','2023-04-08','3만원(어른1+아이1)','음악','051-746-2018','https://booking.naver.com/booking/12/bizes/497531','부산'),(344,'청년창조발전소 3층 문화예술공연장','키즈 오페라 콘서트 - 푸치니 투란도트','2023-04-08','2023-04-08','3만원(어른1+아이1)','오페라','051-746-2018','https://booking.naver.com/booking/12/bizes/497531','부산'),(345,'청년창조발전소 3층 문화예술공연장','키즈 오페라 콘서트 - 모차르트 마술피리','2023-04-08','2023-04-08','3만원(어른1+아이1)','오페라','051-746-2018','https://booking.naver.com/booking/12/bizes/497531','부산'),(346,'국립아시아문화의전당 어린이문화원','깔깔나무','2023-04-08','2023-04-09','전석 15000원','연극','1899-5566','https://www.acc.go.kr/main/performance.do?PID=0102&action=Read&bnkey=EM_0000006178','광주'),(347,'상상플레이스','개구리왕자','2023-04-08','2023-05-28','전석 12000원','기타','055-266-9498','https://booking.naver.com/booking/12/bizes/863140','경남'),(348,'아띠홀','[인천] 재주많은 세 친구','2023-04-09','2023-04-09','전석 22900원','연극','032-623-4222','https://booking.naver.com/booking/12/bizes/840926','인천'),(349,'춘천문화예술회관','춘천문화예술회관 개관 30주년 우리 여기에: 첫째날 광장으로','2023-04-10','2023-04-10','전석무료','음악','033-259-5822~4','https://www.cccf.or.kr/Home/H10000/H10200/concertDetail?conct_no=2405','강원'),(350,'은평문화예술회관','Talk Talk Talk','2023-04-10','2023-04-11','전석 35000원','콘서트','1661-9787','https://tickets.interpark.com/goods/23003747','서울'),(351,'서산시문화회관','[서산] 7시에 만나','2023-04-12','2023-04-15','전석 10000원','연극','041-661-8031','https://www.seosan.go.kr/culture/selectBbsNttView.do?key=818&bbsNo=36&nttNo=290215','충남'),(352,'한해랑아트홀','[전주] 뷰티풀라이프','2023-04-14','2023-06-04','전석 40000원','연극','1644-4356','https://tickets.interpark.com/goods/23003937','전북'),(353,'천마아트센터','[대구] 슈퍼 히어로의 똥 닦는 법','2023-04-15','2023-04-16','R석 35000원 S석 30000원','뮤지컬','070-4108-9999','http://ticket.yes24.com/Perf/44900','경북'),(354,'조선대학교박물관','[광주] 미니특공대: 브이레인저스','2023-04-15','2023-04-16','전석 65000원','뮤지컬','1577-4868','http://www.ticketlink.co.kr/product/42451','광주'),(355,'극장 봄','악취','2023-03-28','2023-04-02','전석 30000원','연극','jeongji.team@gmail.com / 인터파크 1544-1555','https://tickets.interpark.com/goods/23003828','서울'),(356,'극장동국','제9회 무죽페스티벌 그녀들만 아는 공소시효','2023-04-05','2023-04-16','전석 30000원','연극','02-747-5296','https://www.maketicket.co.kr/ticket/GD22829','서울'),(357,'아트원씨어터','하얀 역병','2023-04-07','2023-04-16','전석 40000원','연극','070-8197-7950','https://tickets.interpark.com/goods/23004115','서울'),(358,'꿈빛극장','몽용탕','2023-04-10','2023-04-16','전석 30000원','연극','1544-1555','https://tickets.interpark.com/goods/23004139','서울'),(359,'대전시립연정국악원','대전시립합창단 기획연주회3 앙상블음악회','2023-04-13','2023-04-13','R석 10000원 / S석 5000원','음악','042-270-8363~5','https://www.daejeon.go.kr/kmusic/kmsPublicPerformanceView.do?pblprfrInfoId=1472&menuSeq=5307','대전'),(360,'충남도청 문예회관','[예산] 가방 들어주는 아이','2023-04-15','2023-04-15','전석 5000원','뮤지컬','충남문화재단 041-630-2915','https://tickets.interpark.com/goods/23004029','충남'),(361,'천안시청 봉서홀','[천안] 맘마미아 아바걸스','2023-04-15','2023-04-15','VIP석 90000원 R석 70000원 S석 50000원','콘서트','천안시청 봉서홀 1577-3900','https://tickets.interpark.com/goods/23003998','충남'),(362,'국립춘천박물관','역사를 머금은 소리 대금','2023-04-15','2023-04-15','무료공연','국악','033-260-1555','https://chuncheon.museum.go.kr/prog/cultEvt/kor/sub03_0201/view.do?pageIndex=1&cultEvtId=CULTEVT_000000000036&searchCondition=0&searchBgnDe=&searchEndDe=&searchKeyword=','춘천'),(363,'함안문화예술회관','[함안] 최고다 호기심 딱지','2023-04-15','2023-04-15','전석 25000원','뮤지컬','055-580-3627','https://haman.lodev.kr/eventView.do?group_id=2000508','경남'),(364,'동덕여대 공연예술센터','종의 기원','2023-04-15','2023-04-15','전석 80000원','콘서트','02-6954-0772','http://www.ticketlink.co.kr/product/43108','서울'),(365,'롯데콘서트홀','정선아X김호영X조권 갈라 콘서트: THE COLORS','2023-04-16','2023-04-16','VIP석 143000원 R석 121000원 S석 99000원 A석 66000원','콘서트','02-6292-9368 9370','https://www.lotteconcerthall.com/kor/Performance/ConcertDetails/259654','서울'),(366,'파주운정행복센터','[파주] 빨간모자와 늑대','2023-04-16','2023-04-16','전석 20000원','뮤지컬','교육극단 파랑새 010-8230-8883','https://tickets.interpark.com/goods/23001495','경기'),(367,'춘천문화예술회관','[춘천] 신데렐라','2023-04-16','2023-04-16','전석 22000원','뮤지컬','1544-1555','https://tickets.interpark.com/goods/23002853','강원'),(368,'경기섬유종합지원센터','[양주] 백설공주','2023-04-16','2023-04-16','전석 30000원','뮤지컬','1544-1555','https://tickets.interpark.com/goods/23001740','경기'),(369,'거제시청소년수련관','[거제] 누가 내 머리에 똥 쌌어?','2023-04-16','2023-04-16','전석 40000원','뮤지컬','하늘극단 1670-7343','http://www.ticketlink.co.kr/product/42847','경남'),(370,'광양시생활문화센터','[광양] 인어공주','2023-04-16','2023-04-16','전석 30000원','뮤지컬','아리커뮤니케이션즈 070-7807-9095','https://booking.naver.com/booking/12/bizes/855271','전남'),(371,'세종문화회관 체임버홀','2023 이영섭의 창작음악 “바람으로부터”','2023-04-17','2023-04-17','예매 20000원 / 현매 25000원','국악','070-8959-9569','https://tickets.interpark.com/goods/23003682','서울'),(372,'후암스테이지','제4회 딜레마 극장 연극제 만석어매','2023-04-18','2023-04-23','전석 30000원','연극','0505-894-0202','https://tickets.interpark.com/goods/23002589','서울'),(373,'CK아트홀','[울산] 신바람 삼대','2023-04-18','2023-06-04','전석 40000원','연극','1533-2704','https://www.ckarthall.com/showView.do?submenu=02&board_num=55','울산'),(374,'예그린씨어터','신이 나를 만들 때','2023-04-18','2023-06-11','전석 60000원','뮤지컬','연극열전 02-766-6007','https://tickets.interpark.com/goods/23002928','서울'),(375,'거제문화예술회관','[거제] 판타스틱','2023-04-19','2023-04-20','R석 30000원','뮤지컬','거제문화예술회관 055-680-1050','https://ticket.geojeart.or.kr/eventView.do?group_id=2001319','경남'),(376,'종로아이들극장','똥장군','2023-04-19','2023-04-22','전석 30000원','연극','070-8249-0081','https://tickets.interpark.com/goods/23003623','서울'),(377,'한국소리문화의전당','[전주] 팥죽할멈과 호랑이','2023-04-19','2023-04-22','전석 20000원','연극','한국소리문화의전당 063-270-8000','https://tickets.interpark.com/goods/23003857','전북'),(378,'소극장 혜화당','제8회 SF연극제 인간수업','2023-04-19','2023-04-23','전석 30000원','연극','010-2701-3069','https://tickets.interpark.com/goods/23003566','서울'),(379,'세종 M씨어터','슈퍼클로젯','2023-04-20','2023-06-11','VIP석 77000원 R석 55000원 S석 33000원','뮤지컬','1600-8534','https://www.sejongpac.or.kr/portal/performance/performance/view.do?performIdx=33931&menuNo=200004&sdate=2023-02-23&searchWrd=%EC%8A%88%ED%8D%BC%ED%81%B4%EB%A1%9C%EC%A0%AF&searchSort=1&searchCnd=1&edate=2023-05-23&searchPackage=&searchPlaceCdStr=P%2CALL&pageIndex=1','서울'),(380,'대구문화예술회관','[대구] 봄날연극제 수전노','2023-04-21','2023-04-22','전석 30000원','연극','053-606-6135 6133','http://www.ticketlink.co.kr/product/42880','대구'),(381,'남한산성아트홀','제2회 너른고을 연극축제 글뤽 아우프','2023-04-21','2023-04-22','전석 10000원','연극','남한산성아트홀 1522-0338','https://tickets.interpark.com/goods/23002402','경기'),(382,'울산문화예술회관 대공연장','[울산] 캣츠 오리지널 내한','2023-04-21','2023-04-23','젤리클석 170000원 VIP석 170000원 R석 140000원 S석 110000원 A석 90000원 B석 60000원','뮤지컬','공연마루 1588-0766','https://ucac.ulsan.go.kr/performance/main/PER_000000000003382/detail.do','울산'),(383,'대전시립연정국악원','[대전] 알사탕','2023-04-21','2023-04-23','동동이석 60000원 구슬이석 40000원','뮤지컬','씽크브릿지 1533-7244','http://www.ticketlink.co.kr/product/42534','대전'),(384,'인천문화예술회관','[인천] 브로드웨이 42번가','2023-04-21','2023-04-23','VIP석 140000원 R석 120000원 S석 90000원 A석 70000원','뮤지컬','창라이프 1566-6551','http://ticket.yes24.com/Perf/44844','인천'),(385,'연우소극장','밥을 먹다','2023-04-21','2023-05-07','전석 40000원','연극','02-744-7090','https://tickets.interpark.com/goods/23004079','서울'),(386,'한국잡월드 나래울극장','[성남] 미술관에 간 윌리','2023-04-21','2023-05-13','전석 40000원','뮤지컬','도담 070-4411-8799','https://tickets.interpark.com/goods/23003162','경기'),(387,'뉴코아아울렛 부천','소가 된 게으름뱅이','2023-04-21','2023-05-14','전석 15000원','뮤지컬','부천 뉴코아소극장 032-624-8120','https://booking.naver.com/booking/12/bizes/794283','경기'),(388,'한성아트홀','우리가 사랑했던 그날','2023-04-21','2023-05-28','전석 50000원','뮤지컬','02-741-0251','http://ticket.yes24.com/Perf/45343','서울'),(389,'롯데콘서트홀','인 하우스 아티스트 시리즈 I 이진상','2023-04-22','2023-04-22','R석 70000원 S석 50000원 A석 30000원 시야방해R 49000원 시야방해S 35000원 시야방해A 21000원','음악','롯데문화재단 1544-7744','http://ticket.yes24.com/Perf/44587','서울'),(390,'이천아트홀','[이천] 귀를 기울이면','2023-04-22','2023-04-22','전석 10000원','뮤지컬','이천아트홀 031-636-2202','https://www.artic.or.kr/base/nrr/performance/read?performanceNo=1726&menuLevel=3&menuNo=16','경기'),(391,'순천문화예술회관','[순천] 프린세스 공주뮤지컬쇼','2023-04-22','2023-04-22','전석 40000원','뮤지컬','1566-7356','https://tickets.interpark.com/goods/23002726','전남'),(392,'달서아트센터','[대구] 내가 엄마고 엄마가 나라면','2023-04-22','2023-04-22','R석 23000원','뮤지컬','극단 나눔 053-423-1219','https://tickets.interpark.com/goods/23002776','대구'),(393,'부산문화회관 중극장','[부산] 명사초청 아카데미 인문학 마스터 클래스: 천종호','2023-04-22','2023-04-22','전석 5000원','기타','부산문화회관 051-607-6000 (ARS 1번)','https://www.bscc.or.kr/01_perfor/?mcode=0401010200&mode=2&no=23971','부산'),(394,'충남도청 문예회관','[예산] 인어공주','2023-04-22','2023-04-22','전석 50000원','뮤지컬','탑월드 1800-7672','http://www.ticketlink.co.kr/product/42635','충남'),(395,'강서구민회관','[서울 강서] 겨울왕국2: 엘사의모험','2023-04-22','2023-04-22','전석 40000원','뮤지컬','02-3664-6046','https://booking.naver.com/booking/12/bizes/853285','서울'),(396,'금나래아트홀','[서울 금천] 사운드오브뮤직','2023-04-22','2023-04-22','전석 35000원','뮤지컬','좋은사람들 070-4045-2302','http://www.ticketlink.co.kr/product/42597','서울'),(397,'광명시민회관','[광명] 고양이캣','2023-04-22','2023-04-22','1층석 40000원 2층석 35000원','뮤지컬','02-2680-2562','http://www.ticketlink.co.kr/product/42562','경기'),(398,'파주운정행복센터','[파주] 피터팬','2023-04-22','2023-04-22','전석 30000원','뮤지컬','031-950-1911','https://booking.naver.com/booking/12/bizes/835924','경기'),(399,'북구 문화빙상센터 문화예술회관','[부산] 라푼젤','2023-04-22','2023-04-22','전석 30000원','뮤지컬','051-309-4082','https://tickets.interpark.com/goods/23000887','부산'),(400,'남동소래아트홀','[인천] 돼지책','2023-04-22','2023-04-22','전석 30000원','뮤지컬','극단 가람 031-633-4864','http://www.ticketlink.co.kr/product/42132','인천'),(401,'롤링홀','야광 콘서트','2023-04-22','2023-04-22','전석 45000원','콘서트','인터파크 1544-1555','https://tickets.interpark.com/goods/23003851','서울'),(402,'대학로극장 쿼드','버건디 무키 채널 오프닝 멘트','2023-04-22','2023-04-22','전석 40000원','연극','1577-0369','https://tickets.interpark.com/goods/23004185','서울'),(403,'세종국악당','[여주] 폴리팝','2023-04-22','2023-04-22','전석 10000원','연극','031-881-9681','https://tickets.interpark.com/goods/23003445','경기'),(404,'한밭대학교 아트홀','[대전] 브레드이발소: 대결! 최고의 이발사','2023-04-22','2023-04-23','1층석 60000원 2층석 50000원','기타','티켓링크 1588-7890','http://www.ticketlink.co.kr/product/42669','대전'),(405,'고양어울림누리','[고양] 미니특공대: 브이레인저스','2023-04-22','2023-04-23','1층석 65000원 2층석 55000원','뮤지컬','동그라미그리기 1577-4868','http://www.ticketlink.co.kr/product/42801','경기'),(406,'오산문화예술회관','[오산] 번개맨: 우주최강 번개삼총사','2023-04-22','2023-04-23','R석 66000원 S석 33000원','뮤지컬','하늘이엔티 1688-6675','http://www.ticketlink.co.kr/product/42844','경기'),(407,'5.18기념문화센터','[광주] 고고다이노 우리동네공룡','2023-04-22','2023-04-23','R석 66000원 S석 55000원','뮤지컬','아이에이치컬쳐 070-4045-2302','http://www.ticketlink.co.kr/product/42601','광주'),(408,'대구문화예술회관','[대구]캐치! 티니핑: 신비한 상자를 열어라!','2023-04-22','2023-04-23','R석 66000원 S석 44000원','뮤지컬','하늘이엔티 1688-6675','http://www.ticketlink.co.kr/product/42573','대구'),(409,'울산북구문화예술회관','[울산] 프린세스공주','2023-04-22','2023-04-23','전석 35000원','뮤지컬','아이에이치컬쳐 070-4045-2302','http://www.ticketlink.co.kr/product/42546','울산'),(410,'성산아트홀','[창원] (앵콜) 급식왕: 발가락 떡볶이의 비밀','2023-04-22','2023-04-23','전석 70000원','뮤지컬','전공이엔티 1522-2061','http://www.ticketlink.co.kr/product/42532','경남'),(411,'롯데백화점 문화센터 영등포점','[서울 영등포] 아기돼지 삼형제','2023-04-22','2023-04-23','전석 30000원','뮤지컬','TOP컴퍼니 1800-7672','http://www.ticketlink.co.kr/product/42540','서울'),(412,'장안구민회관(한누리아트홀)','[수원] 우리아빠가 최고야','2023-04-22','2023-04-23','전석 35000원','뮤지컬','031-240-3000','http://www.ticketlink.co.kr/product/42515','경기'),(413,'대구 엑스코(EXCO)','[대구] 이상한 과자 가게 전천당','2023-04-22','2023-04-23','전석 70000원','뮤지컬','티켓링크 1588-7890','http://www.ticketlink.co.kr/product/42411','대구'),(414,'군산예술의전당','[군산] 바다탐험대 옥토넛 시즌2: 대산호초 보호작전','2023-04-22','2023-04-23','전석 55000원','뮤지컬','탑월드 1800-7672','http://www.ticketlink.co.kr/product/42340','전북'),(415,'KBS부산홀','[부산] 슈퍼 히어로의 똥 닦는 법','2023-04-22','2023-04-23','전석 55000원','뮤지컬','더화랑이엔티 1800-6567','https://booking.naver.com/booking/12/bizes/837400','부산'),(416,'고양어울림누리','[고양] 틀려도 괜찮아','2023-04-22','2023-04-23','전석 50000원','뮤지컬','극단 예일 02-555-0822~3 1143','https://www.artgy.or.kr/PF/PF0201V.aspx?showid=0000006915','경기'),(417,'안양아트센터','[안양] 최고다 호기심딱지','2023-04-22','2023-04-23','R석 66000원 S석 55000원','뮤지컬','숨비 1522-7176','http://www.ticketlink.co.kr/product/42148','경기'),(418,'부산시민회관','[부산] (앵콜) 민쩌미 사랑해요 엄마!','2023-04-22','2023-04-23','전석 66000원','뮤지컬','동그라미그리기 1577-4868','http://www.ticketlink.co.kr/product/42671','부산'),(419,'제주관광대학교 컨벤션홀','[제주] 맘마미아 아바걸스','2023-04-22','2023-04-23','R석 66000원 S석 55000원','콘서트','관련 URL 참조','http://ticket.yes24.com/Perf/45312','제주'),(420,'아띠홀','[인천] 일곱마리 아기염소와 늑대','2023-04-22','2023-04-30','전석 22900원','뮤지컬','아띠홀 032-623-4222','https://booking.naver.com/booking/12/bizes/858537','인천'),(421,'광교레이크아트홀','[수원] 신데렐라','2023-04-22','2023-05-07','전석 30000원','뮤지컬','031-216-7179','https://booking.naver.com/booking/12/bizes/639801','경기'),(422,'현대백화점 미아점 문화홀','[서울 성북] 반짝반짝 달님이: 버블버블 마법의 솜사탕','2023-04-22','2023-05-07','전석 50000원','연극','ES생활문화 1661-0759','https://tickets.interpark.com/goods/23004183','서울'),(423,'이수아트홀','[대전] 딜리버리','2023-04-22','2023-07-09','R석 35000원 S석 30000원','연극','이수컴퍼니 1644-4325','https://booking.naver.com/booking/12/bizes/724727','대전'),(424,'신촌문화발전소','신촌문화발전소 기획전시','2023-03-25','2023-06-17','무료','전시','02-330-4393','https://scas.or.kr/kr/program/program_view.php?idx=164','서울'),(425,'갤러리 지하','떼글떼글 1기 기념전 : Loading','2023-04-02','2023-04-08','무료','전시','gallery.jiha@gmail.com','https://galleryjiha.com/exhibitions/?q=YToxOntzOjEyOiJrZXl3b3JkX3R5cGUiO3M6MzoiYWxsIjt9&bmode=view&idx=14568517&t=board','서울'),(426,'을지공간','PROJECT: 남극기지 소장의 휴일','2023-04-05','2023-04-09','전석 30000원','연극','인스타그램 @pj.dasang','https://booking.naver.com/booking/12/bizes/859105','서울'),(427,'두산아트센터 space111','판소리 레미제라블 - 구구선 사람들','2023-04-08','2023-04-22','정가 35000원 (다양한 할인 있음)','국악','02-708-5001','https://tickets.interpark.com/goods/23000729','서울'),(428,'공간소극장','[부산] 옛날 옛적에 훠어이 훠이','2023-04-10','2023-04-10','전석 30000원','연극','051-611-8518','http://ticket.yes24.com/Perf/45377','부산'),(429,'세종문화예술회관','[세종] 뛰뛰빵빵! 이상한 나라의 앨리스','2023-04-13','2023-04-14','전석 20000원','뮤지컬','님비곰비 02-882-9001','https://tickets.interpark.com/goods/23003281','세종'),(430,'춘천인형극장','우리집에 괴물이 산다','2023-04-14','2023-04-16','전석 20000원','연극','춘천인형극장 033-242-8452','https://booking.naver.com/booking/12/bizes/867641','강원'),(431,'세종문화회관 세종대극장','베토벤: Beethoven Secret SEASON 2','2023-04-14','2023-05-15','VIP석 170000원 R석 140000원 S석 110000원 A석 90000원 B석 70000원','뮤지컬','세종문화티켓 02-399-1000','https://tickets.interpark.com/goods/23003904','서울'),(432,'대전예술의전당','스페이스연 제13회 정기연주회','2023-04-18','2023-04-18','R석 7만원 S석 5만원 A석 3만원 B석 2만원','음악','010-3399-0221','https://www.daejeon.go.kr/djac/performanceView.do?menuSeq=6709&code=4377','대전'),(433,'드림아트홀','[대전] 출구 없는 방','2023-04-20','2023-04-28','전석 20000원','연극','042-252-0887','https://tickets.interpark.com/goods/23004316','대전'),(434,'창녕문화예술회관','[창녕] 나와 할아버지','2023-04-21','2023-04-21','1층석 15000원 2층석 11000원','연극','창녕문화예술회관 055-530-1911','https://www.cng.go.kr/art/00004787/00004788.web?amode=view&schHsort2=show&schCode=764','경남'),(435,'신한대 벧엘관','[의정부] 누가 내 머리에 똥 쌌어?','2023-04-22','2023-04-22','전석 30000원 사전예약 25000원','뮤지컬','031-870-3114','https://tickets.interpark.com/goods/23004142','경기'),(436,'속초문화예술회관','[속초] 피터팬','2023-04-22','2023-04-22','전석 40000원','뮤지컬','033-639-2080','https://booking.naver.com/booking/12/bizes/239400','강원'),(437,'김포아트홀','[김포] 어린이 캣','2023-04-22','2023-04-22','전석 30000원','뮤지컬','극단 중원극회 1588-6212','http://www.ticketlink.co.kr/product/43010','경기'),(438,'안동시민회관','[안동] 라푼젤','2023-04-22','2023-04-22','전석 40000원','뮤지컬','054-840-3651','http://www.ticketlink.co.kr/product/42764','경북'),(439,'아산시평생학습관','[아산] 가방 들어주는 아이','2023-04-22','2023-04-23','전석 45000원','뮤지컬','e산야로기획 070-8728-1215','http://www.ticketlink.co.kr/product/42956','충남'),(440,'세종문화예술회관','[세종] 장수탕 선녀님','2023-04-22','2023-04-23','R석 60000원 S석 40000원','뮤지컬','세종문화예술회관 044-850-8940','https://tickets.interpark.com/goods/23003398','세종'),(441,'미디어 아트 갤러리 언더독뮤지엄','색 마음의 색을 찾아가는 여정','2023-03-24','2023-07-26','일반 13000원 그 외 나이 자격별 권종','전시','02-336-0423','https://www.underdogmuseum.com/32/?q=YToxOntzOjEyOiJrZXl3b3JkX3R5cGUiO3M6MzoiYWxsIjt9&bmode=view&idx=14556889&t=board','서울'),(442,'소극장 공터다','[구미] 타이피스트','2023-03-31','2023-04-01','전석 20000원','연극','054-444-0604','http://ticket.yes24.com/Perf/45363','경북'),(443,'아트센터 화이트블럭','임승천 개인전 : 잃어버린 고리 Missing Link','2023-04-01','2023-06-04','3000원 (카페 이용 시 무료)','전시','031-992-4400','https://whiteblock.org/%EC%A0%84%EC%8B%9C/view/3785734@13516628','경기'),(444,'소극장 무극','덕산리','2023-04-06','2023-04-16','전석 50000원','연극','인터파크 1544-1555','https://tickets.interpark.com/goods/23004222','서울'),(445,'해봄연습실 (해봄연습실)','부족한 사람들의 캐미폭발','2023-04-11','2023-04-15','전석 10000원','연극','관람 URL 참조','https://playticket.co.kr/nav/detail.html?idx=2287','서울'),(446,'안똔체홉극장','어느날 체홉','2023-04-12','2023-04-16','전석 30000원','연극','인터파크 1544-1555','https://tickets.interpark.com/goods/23004349','서울'),(447,'후암스테이지','레인보우 공항','2023-04-12','2023-04-16','전석 30000원','뮤지컬','0505-894-0202','https://www.timeticket.co.kr/?number=5022','서울'),(448,'서강대 메리홀','섬 이야기','2023-04-13','2023-04-16','전석 30000원','연극','070-7913-9071','https://tickets.interpark.com/goods/23004184','서울'),(449,'공연일번지','[광주] 12인의 성난 사람들','2023-04-14','2023-04-15','전석 20000원','연극','극단 산수유 010-3752-1352','http://www.ticketlink.co.kr/product/43211','광주'),(450,'남동소래아트홀','김종욱 찾기','2023-04-15','2023-04-15','R석 25000원 S석 15000원','뮤지컬','남동문화재단 032-439-5001','https://www.enticket.com:469/pfm/sub01_view.html?p_idx=2978','인천'),(451,'포항문화예술회관','[포항] 무지개 물고기','2023-04-22','2023-04-23','전석 35000원','뮤지컬','극단 오즈 1661-6702','http://www.ticketlink.co.kr/product/42623','경북');
/*!40000 ALTER TABLE `hall` ENABLE KEYS */;
UNLOCK TABLES;

--
-- Table structure for table `library`
--

DROP TABLE IF EXISTS `library`;
/*!40101 SET @saved_cs_client     = @@character_set_client */;
/*!50503 SET character_set_client = utf8mb4 */;
CREATE TABLE `library` (
  `ID` int NOT NULL AUTO_INCREMENT,
  `NAME` varchar(45) NOT NULL,
  `TYPE` varchar(45) NOT NULL,
  `ADDRESS` varchar(45) NOT NULL,
  `PHONENUM` varchar(45) NOT NULL,
  `HOMEPAGE` varchar(45) DEFAULT NULL,
  PRIMARY KEY (`ID`)
) ENGINE=InnoDB AUTO_INCREMENT=2 DEFAULT CHARSET=utf8mb4 COLLATE=utf8mb4_0900_ai_ci;
/*!40101 SET character_set_client = @saved_cs_client */;

--
-- Dumping data for table `library`
--

LOCK TABLES `library` WRITE;
/*!40000 ALTER TABLE `library` DISABLE KEYS */;
INSERT INTO `library` VALUES (1,'부전도서관','공립 도서관','부산광역시 부산진구 동천로 79','0518025901','https://home.pen.go.kr/bujunlib/main.do');
/*!40000 ALTER TABLE `library` ENABLE KEYS */;
UNLOCK TABLES;

--
-- Table structure for table `user`
--

DROP TABLE IF EXISTS `user`;
/*!40101 SET @saved_cs_client     = @@character_set_client */;
/*!50503 SET character_set_client = utf8mb4 */;
CREATE TABLE `user` (
  `id` int NOT NULL AUTO_INCREMENT,
  `email` varchar(45) NOT NULL,
  `password` varchar(45) NOT NULL,
  `createTime` datetime DEFAULT NULL,
  `nickname` varchar(15) DEFAULT NULL,
  `ROLE` varchar(25) NOT NULL,
  PRIMARY KEY (`id`),
  UNIQUE KEY `email_UNIQUE` (`email`)
) ENGINE=InnoDB AUTO_INCREMENT=17 DEFAULT CHARSET=utf8mb4 COLLATE=utf8mb4_0900_ai_ci;
/*!40101 SET character_set_client = @saved_cs_client */;

--
-- Dumping data for table `user`
--

LOCK TABLES `user` WRITE;
/*!40000 ALTER TABLE `user` DISABLE KEYS */;
INSERT INTO `user` VALUES (7,'abc@abc.com','power','2023-03-16 00:00:00',NULL,'user'),(12,'abc22@abc.com','12345','2023-03-17 00:00:00',NULL,'user'),(13,'power@abc.com','power','2023-03-27 00:00:00',NULL,'user'),(14,'asdf@abc.com','power','2023-03-28 00:00:00',NULL,'user'),(15,'zzzz@abc.com','power','2023-03-29 00:00:00',NULL,'user'),(16,'vxvx@abc.com','power','2023-03-29 00:00:00',NULL,'user');
/*!40000 ALTER TABLE `user` ENABLE KEYS */;
UNLOCK TABLES;

--
-- Table structure for table `user_review`
--

DROP TABLE IF EXISTS `user_review`;
/*!40101 SET @saved_cs_client     = @@character_set_client */;
/*!50503 SET character_set_client = utf8mb4 */;
CREATE TABLE `user_review` (
  `id` int NOT NULL AUTO_INCREMENT,
  `user_id` int NOT NULL,
  `table_id` int NOT NULL,
  `reg_date` datetime NOT NULL DEFAULT CURRENT_TIMESTAMP,
  `mod_date` datetime NOT NULL DEFAULT CURRENT_TIMESTAMP ON UPDATE CURRENT_TIMESTAMP,
  `subject` varchar(20) DEFAULT NULL,
  `review` text,
  `stars` int DEFAULT NULL,
  `table_name` varchar(25) DEFAULT NULL,
  `cafe_id` int DEFAULT NULL,
  `diner_id` int DEFAULT NULL,
  `gym_id` int DEFAULT NULL,
  `hall_id` int DEFAULT NULL,
  `library_id` int DEFAULT NULL,
  PRIMARY KEY (`id`),
  KEY `user_id` (`user_id`),
  KEY `cafe_id` (`cafe_id`),
  KEY `diner_id` (`diner_id`),
  KEY `gym_id` (`gym_id`),
  KEY `hall_id` (`hall_id`),
  KEY `library_id` (`library_id`),
  CONSTRAINT `user_review_ibfk_1` FOREIGN KEY (`user_id`) REFERENCES `user` (`id`) ON DELETE CASCADE,
  CONSTRAINT `user_review_ibfk_2` FOREIGN KEY (`cafe_id`) REFERENCES `cafe` (`ID`),
  CONSTRAINT `user_review_ibfk_3` FOREIGN KEY (`diner_id`) REFERENCES `diner` (`id`),
  CONSTRAINT `user_review_ibfk_4` FOREIGN KEY (`gym_id`) REFERENCES `gym` (`ID`),
  CONSTRAINT `user_review_ibfk_5` FOREIGN KEY (`hall_id`) REFERENCES `hall` (`id`),
  CONSTRAINT `user_review_ibfk_6` FOREIGN KEY (`library_id`) REFERENCES `library` (`ID`)
) ENGINE=InnoDB AUTO_INCREMENT=53 DEFAULT CHARSET=utf8mb4 COLLATE=utf8mb4_0900_ai_ci;
/*!40101 SET character_set_client = @saved_cs_client */;

--
-- Dumping data for table `user_review`
--

LOCK TABLES `user_review` WRITE;
/*!40000 ALTER TABLE `user_review` DISABLE KEYS */;
INSERT INTO `user_review` VALUES (23,14,1,'2023-03-28 09:16:44','2023-03-28 13:45:23','나는 마시써소','연진아 나 지금 되게 신나',5,'diner',NULL,1,NULL,NULL,NULL),(24,14,89,'2023-03-28 09:17:18','2023-03-28 13:45:23','중식당 별로에용~','노맛',2,'diner',NULL,89,NULL,NULL,NULL),(25,14,1,'2023-03-28 10:06:50','2023-03-28 13:45:23','카페','카페글',4,'cafe',1,NULL,NULL,NULL,NULL),(26,14,1,'2023-03-28 10:06:50','2023-03-28 13:45:23','헬스장','3',2,'gym',NULL,NULL,1,NULL,NULL),(28,14,1,'2023-03-28 10:06:50','2023-03-28 13:45:23','도서관글','도서관',3,'library',NULL,NULL,NULL,NULL,1),(29,13,1,'2023-03-28 12:04:41','2023-03-28 13:45:23','개미집인데 개미를 안팜','이름 사기임?',1,'diner',NULL,1,NULL,NULL,NULL),(30,7,9,'2023-03-28 14:14:46','2023-03-28 14:27:15','설렁설렁하자@','설렁 탕탕탕!\r\n설렁 탕탕탕!\r\n설렁 탕탕탕!설렁 탕탕탕!설렁 탕탕탕!\r\n설렁 탕탕탕!설렁 탕탕탕!',4,'diner',NULL,9,NULL,NULL,NULL),(31,13,64,'2023-03-28 14:28:12','2023-03-29 15:19:06','고기집인데 절 옆에 있음 ','근데 산 옆에 있음 ㅋㅋㅋ',1,'diner',NULL,64,NULL,NULL,NULL),(33,14,86,'2023-03-28 15:06:56','2023-03-28 15:06:56','찹쌀 아구찜, 찹쌀 떡 , 콩떡 ','그대는 찹쌀떡 그대는 나의 메밀국수\r\n그대는 나의 땅콩 오징어 노가리\r\n그대는 해장국 그대는 나의그대는 찹쌀떡 그대는 나의 메밀국수\r\n그대는 나의 땅콩 오징어 노가리\r\n그대는 해장국 그대는 나의그대는 찹쌀떡 그대는 나의 메밀국수\r\n그대는 나의 땅콩 오징어 노가리\r\n그대는 해장국 그대는 나의',1,'diner',NULL,86,NULL,NULL,NULL),(34,14,6,'2023-03-28 15:12:03','2023-03-28 15:12:03','가가가!!','가가가!!가가가!!가가가!!가가가!!',2,'diner',NULL,6,NULL,NULL,NULL),(35,14,72,'2023-03-28 15:13:16','2023-03-28 16:26:08','정림3층석탑수정','나는 사랑이 어떻게 이뤄지는지 연구했지\r\n12312321',4,'diner',NULL,72,NULL,NULL,NULL),(36,15,1,'2023-03-29 10:24:12','2023-03-29 10:24:25','아아아ㅎㅎ','123123ㅎㅎㅎ',1,'diner',NULL,1,NULL,NULL,NULL),(38,13,107,'2023-03-29 15:18:19','2023-03-29 15:57:12','무모하다 무모해 !!','무궁무궁',1,'diner',NULL,107,NULL,NULL,NULL),(39,13,1,'2023-03-29 16:10:11','2023-03-29 16:10:11','작성작성','작성작성',1,'diner',NULL,1,NULL,NULL,NULL),(48,13,79,'2023-03-29 16:42:14','2023-03-29 16:43:17','ㅋㅋㅋㅋㅋㅋ','ㅋasdfasdf',1,'diner',NULL,79,NULL,NULL,NULL),(49,13,1,'2023-03-30 11:50:40','2023-03-30 11:50:40','머야머야','1234123',1,'cafe',1,NULL,NULL,NULL,NULL),(50,13,2,'2023-03-30 11:52:11','2023-03-30 11:52:11','삼정타워 카페 리뷰 ','1241231232132',5,'cafe',2,NULL,NULL,NULL,NULL),(51,13,3,'2023-03-30 15:33:47','2023-03-30 15:33:47','산속에 있어용','차 마시지 좋음',4,'hall',NULL,NULL,NULL,3,NULL),(52,7,99,'2023-03-30 16:27:49','2023-03-30 16:27:49','빨강망토 차차차','빨강망토 차차차빨강망토 차차차빨강망토 차차차빨강망토 차차차빨강망토 차차차빨강망토 차차차빨강망토 차차차빨강망토 차차차빨강망토 차차차빨강망토 차차차빨강망토 차차차빨강망토 차차차빨강망토 차차차빨강망토 차차차빨강망토 차차차빨강망토 차차차빨강망토 차차차',4,'hall',NULL,NULL,NULL,99,NULL);
/*!40000 ALTER TABLE `user_review` ENABLE KEYS */;
UNLOCK TABLES;
/*!40103 SET TIME_ZONE=@OLD_TIME_ZONE */;

/*!40101 SET SQL_MODE=@OLD_SQL_MODE */;
/*!40014 SET FOREIGN_KEY_CHECKS=@OLD_FOREIGN_KEY_CHECKS */;
/*!40014 SET UNIQUE_CHECKS=@OLD_UNIQUE_CHECKS */;
/*!40101 SET CHARACTER_SET_CLIENT=@OLD_CHARACTER_SET_CLIENT */;
/*!40101 SET CHARACTER_SET_RESULTS=@OLD_CHARACTER_SET_RESULTS */;
/*!40101 SET COLLATION_CONNECTION=@OLD_COLLATION_CONNECTION */;
/*!40111 SET SQL_NOTES=@OLD_SQL_NOTES */;

-- Dump completed on 2023-03-30 16:32:19
