-- MySQL dump 10.13  Distrib 8.0.32, for Win64 (x86_64)
--
-- Host: localhost    Database: webservice
-- ------------------------------------------------------
-- Server version	8.0.32

/*!40101 SET @OLD_CHARACTER_SET_CLIENT=@@CHARACTER_SET_CLIENT */;
/*!40101 SET @OLD_CHARACTER_SET_RESULTS=@@CHARACTER_SET_RESULTS */;
/*!40101 SET @OLD_COLLATION_CONNECTION=@@COLLATION_CONNECTION */;
/*!50503 SET NAMES utf8mb4 */;
/*!40103 SET @OLD_TIME_ZONE=@@TIME_ZONE */;
/*!40103 SET TIME_ZONE='+00:00' */;
/*!40014 SET @OLD_UNIQUE_CHECKS=@@UNIQUE_CHECKS, UNIQUE_CHECKS=0 */;
/*!40014 SET @OLD_FOREIGN_KEY_CHECKS=@@FOREIGN_KEY_CHECKS, FOREIGN_KEY_CHECKS=0 */;
/*!40101 SET @OLD_SQL_MODE=@@SQL_MODE, SQL_MODE='NO_AUTO_VALUE_ON_ZERO' */;
/*!40111 SET @OLD_SQL_NOTES=@@SQL_NOTES, SQL_NOTES=0 */;

--
-- Table structure for table `cafe`
--

DROP TABLE IF EXISTS `cafe`;
/*!40101 SET @saved_cs_client     = @@character_set_client */;
/*!50503 SET character_set_client = utf8mb4 */;
CREATE TABLE `cafe` (
  `ID` int NOT NULL AUTO_INCREMENT,
  `NAME` varchar(50) NOT NULL,
  `ADDRESS` text NOT NULL,
  `PHONE_NUM` varchar(30) NOT NULL,
  PRIMARY KEY (`ID`)
) ENGINE=InnoDB AUTO_INCREMENT=4 DEFAULT CHARSET=utf8mb4 COLLATE=utf8mb4_0900_ai_ci;
/*!40101 SET character_set_client = @saved_cs_client */;

--
-- Dumping data for table `cafe`
--

LOCK TABLES `cafe` WRITE;
/*!40000 ALTER TABLE `cafe` DISABLE KEYS */;
INSERT INTO `cafe` VALUES (1,'카페마일로 서면학원가점','부산 부산진구 중앙대로 686','051-803-3360'),(2,'유동커피 삼정타워점','부산광역시 부산진구 중앙대로 672 삼정타워 6F','010-7940-4848');
/*!40000 ALTER TABLE `cafe` ENABLE KEYS */;
UNLOCK TABLES;

--
-- Table structure for table `diner`
--

DROP TABLE IF EXISTS `diner`;
/*!40101 SET @saved_cs_client     = @@character_set_client */;
/*!50503 SET character_set_client = utf8mb4 */;
CREATE TABLE `diner` (
  `id` int NOT NULL AUTO_INCREMENT,
  `name` text,
  `address` text,
  `phone_num` text,
  `dish` text,
  PRIMARY KEY (`id`)
) ENGINE=InnoDB DEFAULT CHARSET=utf8mb4 COLLATE=utf8mb4_0900_ai_ci;
/*!40101 SET character_set_client = @saved_cs_client */;

--
-- Dumping data for table `diner`
--

LOCK TABLES `diner` WRITE;
/*!40000 ALTER TABLE `diner` DISABLE KEYS */;
INSERT INTO `diner` VALUES (1,'개미집','부산광역시 수영구 광남로130번길 9, 1층 (광안동)','051-758-7172','낙지볶음'),(2,'광안리 부산횟집','부산광역시 수영구 민락수변로 29, 4층 (민락동, 바다마루)','051-753-8881','생선회'),(3,'광안밀면','부산광역시 수영구 수영로 587, 1층 (광안동)','051-751-5250','밀면'),(4,'까치횟집','부산광역시 수영구 광안해변로344번길 17-20, 5층 5호 (민락동, 풍경타워)','051-753-5866','생선회'),(5,'남천삼계탕','부산광역시 수영구 남천동로108번길 14, 1층 (남천동)','051-759-1999','삼계탕'),(6,'뉴부산횟집','부산광역시 수영구 광안해변로 31-5, 1~3층 (남천동)','051-625-4200','생선회'),(7,'동화대반점','부산광역시 수영구 수영로427번길 11, 1~2층 (남천동)','051-611-6686','탕수육'),(8,'샤브향남천점','부산광역시 수영구 광남로 31, 2층 (남천동, BBC빌딩)','051-612-3320','월남쌈 샤브샤브'),(9,'서울깍두기','부산광역시 수영구 남천동로9번길 61, 1층 (남천동)','051-621-3989','설렁탕'),(10,'서울부대찌게','부산광역시 수영구 남천동로9번길 66, 1층 (남천동)','051-621-8080','부대찌개'),(11,'수정궁','부산광역시 수영구 민락수변로 25, 1~5층 (민락동, 수정궁빌딩)','051-753-2811','생선회'),(12,'광안리 신라횟집','부산광역시 수영구 민락수변로7번길 16, 비치프라자 2~4층(민락동)','051-753-2800','생선회'),(13,'용궁반점','부산광역시 수영구 무학로22번길 4, 1층 (광안동)','051-751-2267','자장면'),(14,'청송양곱창','부산광역시 수영구 남천동로108번길 8, 1~2층 (남천동)','051-627-5291','양곱창'),(15,'포항물횟집','부산광역시 수영구 광안해변로290번길 17, 1~2층 (민락동)','051-752-5732','생선회'),(16,'푸른산장','부산광역시 수영구 황령산로 29, 2층 (남천동)','051-625-0500','유황청둥오리'),(17,'할매재첩국','부산광역시 수영구 광남로120번길 8, 1층 (광안동)','051-751-7658','재첩국'),(18,'향래원','부산광역시 수영구 민락수변로 127-7, 1~4층 (민락동)','051-751-0901','코스요리'),(19,'거창맷돌(부곡점)','부산광역시 금정구 부곡로 158 (부곡동)','051-513-3537','순두부'),(20,'경희궁','부산광역시 금정구 금샘로 441 (구서동)','051-517-9292','샤브샤브'),(21,'금성','부산광역시 금정구 산성로 443 (금성동)','051-517-4847','염소불고기'),(22,'김가네국수','부산광역시 금정구 금강로 686 (남산동)','051-513-8228','국수'),(23,'낙원식당','부산광역시 금정구 식물원로44번길 12 (장전동)','051-515-5789','쌈밥'),(24,'남산찹쌀아구찜','부산광역시 금정구 금강로 694 (남산동)','051-516-1506','아구찜'),(25,'누리마을감자탕','부산광역시 금정구 중앙대로1719번길 61 (부곡동)','051-514-9222','감자탕'),(26,'느루','부산광역시 금정구 금샘로 478 (남산동)','051-512-6460','한정식'),(27,'늘아침','부산광역시 금정구 부산대학로64번길 155 (장전동)','051-518-9200','오리고기'),(28,'다루','부산광역시 금정구 금샘로 375 (구서동)','051-513-3395','수제비'),(29,'대성갈비','부산광역시 금정구 금강로 630 (남산동)','051-514-8630','돼지갈비'),(30,'대성관','부산광역시 금정구 금강로 179 (장전동)','051-518-4001','생선회'),(31,'돈모리','부산광역시 금정구 금강로 593 (구서동)','051-583-9289','돼지갈비'),(32,'동경식당','부산광역시 금정구 서동로175번길 32 (서동)','051-526-8488','초밥'),(33,'만도리','부산광역시 금정구 청룡로 52 (청룡동)','051-517-8009','오리고기'),(34,'맛골','부산광역시 금정구 서동중심로 62 (서동)','051-525-5004','샤브샤브'),(35,'명수정','부산광역시 금정구 구서로 23, 4층 (구서동)','051-517-4114','생갈비'),(36,'무심정','부산광역시 금정구 북문로 23 (금성동)','051-517-3352','오리고기'),(37,'물레방아집','부산광역시 금정구 산성로 522 (금성동)','051-517-5555','오리고기'),(38,'미방','부산광역시 금정구 하마1길 57 (청룡동)','051-508-3222','오리고기'),(39,'박기모 조방낙지','부산광역시 금정구 부곡로141번길 4 (부곡동)','051-582-2462','낙지볶음'),(40,'배비장보쌈','부산광역시 금정구 금정로 239, 1,2,3층 (구서동)','051-515-2106','보쌈'),(41,'백향목','부산광역시 금정구 땅곡길 37 (금성동)','051-517-9252','염소불고기'),(42,'부산압구정한우갈비','부산광역시 금정구 청룡로 61 (남산동)','051-512-0025','생갈비'),(43,'산성집','부산광역시 금정구 산성로 524 (금성동)','051-517-7900','염소불고기'),(44,'삼성웰스토리(주)동래베네스트','부산광역시 금정구 하정로 66(남산동)','051-580-0379','정식'),(45,'서울깍두기','부산광역시 금정구 장전온천천로 75 (장전동)','051-582-9005','설렁탕'),(46,'서울식당','부산광역시 금정구 서부로16번길 10 (서동)','051-527-9433','갈비'),(47,'성용장','부산광역시 금정구 놀이마당로 25 (청룡동)','051-508-5353','오리고기'),(48,'손씨집','부산광역시 금정구 상마1길 46 (청룡동)','051-508-4477','오리고기'),(49,'송해반점','부산광역시 금정구 중앙대로 2089-5, 1,2층 101-1,101-2호 (남산동)','051-517-4543','중화요리'),(50,'오륙도낙지','부산광역시 금정구 수림로20번길 49 (부곡동)','051-515-0016','낙지볶음'),(51,'우정갈비','부산광역시 금정구 금샘로 353 (구서동)','051-513-2100','생갈비'),(52,'원조조방낙지','부산광역시 금정구 청룡로 33 (청룡동)','051-508-0666','낙지볶음'),(53,'일송면옥','부산광역시 금정구 부곡로141번길 6, 1,2층 (부곡동)','051-514-3381','밀면,갈비'),(54,'주식회사 이랴이랴 푸드웰','부산광역시 금정구 중앙대로 1975 (남산동)','051-517-1003','갈비'),(55,'참나무숯불구이','부산광역시 금정구 금정로 25 (장전동)','051-582-5392','생갈비'),(56,'창녕집','부산광역시 금정구 산성로 520 (금성동)','051-517-5288','오리고기'),(57,'채선당남산점','부산광역시 금정구 청룡로 59 (남산동)','051-583-1411','샤브샤브'),(58,'청사초롱','부산광역시 금정구 산성로 447 (금성동)','051-517-8849','염소불고기'),(59,'청해','부산광역시 금정구 서동로 159-1 (서동)','051-524-1887','생선회'),(60,'초심한우정','부산광역시 금정구 범어천로 11 (남산동)','051-517-7892','생갈비'),(61,'푸주옥 설렁탕 도가니탕','부산광역시 금정구 금정로 248 (구서동)','051-518-9520','설렁탕'),(62,'풀내음','부산광역시 금정구 범어사로 360 (청룡동)','051-508-3020','한정식'),(63,'풍년오리박사','부산광역시 금정구 청룡로 40 (청룡동)','051-508-4642','오리고기'),(64,'하마정원','부산광역시 금정구 범어사로 344 (청룡동)','051-508-9233','생갈비'),(65,'함안매운탕','부산광역시 금정구 두실로 17 (구서동)','051-514-8216','장어구이'),(66,'합천돼지국밥','부산광역시 금정구 서금로 17 (서동)','051-527-1302','돼지국밥'),(67,'현대가든','부산광역시 금정구 산성로 510 (금성동)','051-517-6767','염소불고기'),(68,'황금오리','부산광역시 금정구 금강로446번길 41 (구서동)','051-512-5294','오리고기'),(69,'어가식당','부산광역시 동래구 온천장로107번길 32 (온천동)','051-554-0331','생선회'),(70,'영남식육식당 안락점','부산광역시 동래구 충렬대로 406 (안락동)','051-528-7222','한우숯불구이'),(71,'오륙도낙지','부산광역시 동래구 사직북로5번길 30 (사직동)','051-506-1854','낙지볶음'),(72,'정림','부산광역시 동래구 충렬대로237번길 31-3 (수안동)','051-554-1994','약선요리'),(73,'주식회사세연정','부산광역시 동래구 충렬대로 149 (온천동)','051-506-6666','생갈비'),(74,'청산도횟집','부산광역시 동래구 명륜로 80-10 (수안동)','051-552-9528','생선회'),(75,'마루한','부산광역시 동래구 중앙대로1367번길 48-5 (온천동)','051-553-3070','만두국'),(76,'맛나감자탕사직점','부산광역시 동래구 사직북로13번길 26 (사직동)','051-503-3630','감자탕'),(77,'명가','부산광역시 동래구 충렬대로218번길 26 (수안동)','051-553-5989','갈비'),(78,'명진생아구찜','부산광역시 동래구 사직북로13번길 13-3 (사직동)','051-504-4445','아구찜'),(79,'미조리식당','부산광역시 동래구 충렬대로256번길 6 (수안동)','051-556-1771','생선회'),(80,'밀양삼대국밥','부산광역시 동래구 충렬대로359번길 23 (안락동)','051-529-9825','돼지국밥'),(81,'봉식당','부산광역시 동래구 온천장로119번길 26 (온천동)','051-556-9911','보쌈, 회'),(82,'새미골해물아구찜','부산광역시 동래구 안연로 58-1 (안락동)','051-525-0555','해물아구찜'),(83,'수궁복집','부산광역시 동래구 충렬대로 296 (낙민동)','051-555-2151','복국'),(84,'논두렁추어탕','부산광역시 동래구 명륜로139번길 42-5 (명륜동)','051-553-5769','추어탕'),(85,'대궐집','부산광역시 동래구 동래로136번길 26 (복천동)','051-552-0127','소갈비'),(86,'대하찹쌀아구찜','부산광역시 동래구 사직북로28번길 145 (온천동)','051-505-8862','아구찜'),(87,'동래별장','부산광역시 동래구 금강로123번길 12 (온천동)','051-552-0157','한정식'),(88,'구기영 조방낙지','부산광역시 동래구 명장로20번길 60 (명장동)','051-528-7055','낙지전골'),(89,'금문','부산광역시 동래구 온천장로119번길 57 (온천동)','051-555-4987','중식'),(90,'금수복국','부산광역시 동래구 온천장로107번길 18 (온천동)','051-555-9912','복국'),(91,'금수복국(동래점)','부산광역시 동래구 충렬대로 210 (수안동)','051-553-7700','복국'),(92,'굴마을','부산광역시 서구 구덕로 167, 지상2층 (아미동1가)','051-241-5186','굴국밥'),(93,'동경초밥','부산광역시 서구 구덕로321번길 21, 남영빌딩 (서대신동2가)','051-242-5788','생선초밥'),(94,'태성식당','부산광역시 서구 송도해변로 149 (암남동)','051-242-1886','생선회'),(95,'이조숯불갈비이조정식','부산광역시 서구 구덕로339번길 31-1 (서대신동3가)','051-248-5104','숯불갈비'),(96,'미송하모샤브샤브','부산광역시 서구 충무대로 124 (암남동)','051-244-6143','생선회'),(97,'고주몽','부산광역시 서구 구덕로148번길 43-1 (토성동1가)','051-246-2452','참숯불갈비'),(98,'조방낙지','부산광역시 서구 구덕로 350 (동대신동3가, 문화아파트)','051-231-1076','낙지볶음'),(99,'옛날오막집','부산광역시 서구 구덕로274번길 14 (동대신동1가)','051-243-6973','양곱창'),(100,'물마','부산광역시 서구 대영로45번길 62 (서대신동3가)','051-256-6664','전복구이'),(101,'와와샤브(대신점)','부산광역시 서구 대영로 54 (서대신동1가)','051-245-3330','샤브샤브'),(102,'기와집','부산광역시 중구 대청로137번길 7-2, 1층 (중앙동3가, 1층일부)','051-466-5550','송이버섯'),(103,'남포삼계탕','부산광역시 중구 남포길 16, 1,2층 (남포동3가, 12-0,2,3,6)','051-245-5075','삼계탕'),(104,'대궁한정식','부산광역시 중구 태종로 14-1 (남포동1가, (73-3))','051-254-0700','한정식'),(105,'동화반점','부산광역시 중구 흑교로75번길 3 (보수동2가)','051-253-6661','자장면'),(106,'명송','부산광역시 중구 해관로 32, 1~2층 (중앙동2가)','051-246-1225','생선회'),(107,'무궁과','부산광역시 중구 충장대로5번길 46, 1층 (중앙동4가)','051-463-2223','한정식'),(108,'물꽁집','부산광역시 중구 흑교로59번길 3 (보수동2가)','051-257-3230','아구탕'),(109,'본참치','부산광역시 중구 해관로 73, 1층 (중앙동4가, 일광빌딩)','051-523-8659','참치회'),(110,'부산명물횟집','부산광역시 중구 자갈치해안로 55 (남포동4가)','051-245-4995','생선회'),(111,'새진주집','부산광역시 중구 흑교로 60, 1,2층 (보수동1가)','051-256-9110','비빔밥'),(112,'원산면옥','부산광역시 중구 광복로 56-8 (창선동1가)','051-245-2310','냉면'),(113,'이재모피자','부산광역시 중구 광복중앙로 31 (신창동1가, 2, 4-3)','051-255-9494','피자'),(114,'장터식당','부산광역시 중구 광복로 19-1, 2층 (부평동1가, 외 2필지)','051-246-9789','영양탕'),(115,'중앙모밀우동','부산광역시 중구 중앙대로49번길 9-1 (중앙동2가)','051-246-8686','메밀'),(116,'한우뭉치','부산광역시 중구 보수대로 106, 2~3층 (보수동3가)','051-254-3250','쇠고기'),(117,'홍익돈까스 부산남포직영점','부산광역시 중구 광복로 45-8, 1층 (창선동1가)','051-247-4503','돈까스'),(118,'화국반점','부산광역시 중구 백산길 3, 1~2층 (동광동3가)','051-245-5305','유니짜장'),(119,'황태를 벗삼아','부산광역시 중구 대청로137번길 10-1, 1층 (중앙동3가)','051-468-5958','황태찜'),(120,'부산축산농협 축산물종합프라자','부산광역시 강서구 낙동남로 446-1, 1층,2층 (녹산동)','051-831-3200','불고기'),(121,'진해물산(주)용장어요리전문점','부산광역시 강서구 낙동남로682번길 94 (녹산동)','051-941-5030','장어구이'),(122,'하얀집','부산광역시 강서구 과학산단로334번다길 10 (지사동)','051-973-7008','대구탕'),(123,'골목식당','부산광역시 부산진구 가야대로784번길 46 (부전동)','051-803-3850','김치찌개'),(124,'우정분식','부산광역시 부산진구 동천로85번길 3 (부전동)','051-803-0303','제육'),(125,'대서양식당','부산광역시 부산진구 부전로96번길 26 (부전동)','051-809-0190','회'),(126,'동해물회','부산광역시 부산진구 서전로 15 (부전동)','051-809-3305','회'),(127,'제일횟집','부산광역시 부산진구 서면문화로 24 (부전동,,25 (1,2,3층))','051-805-6290','회'),(128,'급행장','부산광역시 부산진구 서면문화로 4 (부전동)','051-809-2100','소갈비'),(129,'남대문','부산광역시 부산진구 부전로96번길 35 (부전동,,130,4,144)','051-805-9191','돼지갈비'),(130,'장수국밥','부산광역시 부산진구 새싹로29번길 8 (부전동,,30)','051-804-2277','돼지국밥'),(131,'일송초밥','부산광역시 부산진구 중앙대로691번길 52, 지상1층 (부전동)','051-805-3300','초밥'),(132,'용궁해물탕','부산광역시 부산진구 서면문화로5번길 10 (부전동)','051-808-4711','해물아구찜'),(133,'동남갈비','부산광역시 부산진구 부전로96번길 35 (부전동)','051-804-3700','소갈비'),(134,'외식촌','부산광역시 부산진구 중앙대로691번가길 24-7, 지상1-2층 (부전동)','051-805-5464','소갈비'),(135,'남해수산횟집','부산광역시 부산진구 서면문화로 11-1 (부전동)','051-818-9898','회'),(136,'중앙숯불갈비','부산광역시 부산진구 골드테마길 65 (범천동)','051-632-2008','소갈비'),(137,'하동재첩왕갈비','부산광역시 부산진구 중앙대로743번길 25 (부전동,(1층))','051-808-5668','소갈비'),(138,'청담','부산광역시 부산진구 가야대로784번길 42, 지상1층 (부전동)','051-807-5555','스시'),(139,'남강면옥','부산광역시 부산진구 신천대로65번길 68 (범천동)','051-647-4165','냉면'),(140,'춘하추동밀면','부산광역시 부산진구 서면문화로 48-1 (부전동)','051-809-8659','밀면'),(141,'전통음식점 원양','부산광역시 부산진구 동평로420번길 23 (양정동)','051-864-0773','닭고기'),(142,'금룡만두','부산광역시 부산진구 중앙대로702번길 17-1 (부전동)','051-802-9168','만두국'),(143,'본가낙지','부산광역시 부산진구 골드테마길 2-13 (범천동)','051-642-1041','낙지'),(144,'가야돼지국밥','부산광역시 부산진구 가야대로454번길 11 (개금동)','051-892-5859','돼지국밥'),(145,'대동반점','부산광역시 부산진구 복지로13번길 14 (개금동)','051-893-8887','중화요리'),(146,'오쉐르웨딩홀.부페','부산광역시 부산진구 중앙대로775번길 5 (부전동)','051-811-2121','뷔페');
/*!40000 ALTER TABLE `diner` ENABLE KEYS */;
UNLOCK TABLES;

--
-- Table structure for table `gym`
--

DROP TABLE IF EXISTS `gym`;
/*!40101 SET @saved_cs_client     = @@character_set_client */;
/*!50503 SET character_set_client = utf8mb4 */;
CREATE TABLE `gym` (
  `ID` int NOT NULL AUTO_INCREMENT,
  `NAME` varchar(100) NOT NULL,
  `ADDRESS` varchar(100) NOT NULL,
  `PRICE` varchar(45) NOT NULL,
  `NUMBER` varchar(45) NOT NULL,
  PRIMARY KEY (`ID`)
) ENGINE=InnoDB AUTO_INCREMENT=3 DEFAULT CHARSET=utf8mb4 COLLATE=utf8mb4_0900_ai_ci;
/*!40101 SET character_set_client = @saved_cs_client */;

--
-- Dumping data for table `gym`
--

LOCK TABLES `gym` WRITE;
/*!40000 ALTER TABLE `gym` DISABLE KEYS */;
INSERT INTO `gym` VALUES (1,'마카라멀티짐','부산광역시 부산진구 서면로 56 3층','50000','010-9973-8423'),(2,'헬스보이짐 서면점','부산광역시 부산진구 중앙대로 686 경암빌딩 2층','60000','051-805-5001');
/*!40000 ALTER TABLE `gym` ENABLE KEYS */;
UNLOCK TABLES;

--
-- Table structure for table `hall`
--

DROP TABLE IF EXISTS `hall`;
/*!40101 SET @saved_cs_client     = @@character_set_client */;
/*!50503 SET character_set_client = utf8mb4 */;
CREATE TABLE `hall` (
  `id` int NOT NULL AUTO_INCREMENT,
  `city` varchar(45) DEFAULT NULL,
  `country` varchar(45) DEFAULT NULL,
  `address` varchar(45) DEFAULT NULL,
  `NAME` varchar(50) DEFAULT NULL,
  `openDate` varchar(45) DEFAULT NULL,
  `num` varchar(45) DEFAULT NULL,
  PRIMARY KEY (`id`)
) ENGINE=InnoDB AUTO_INCREMENT=2 DEFAULT CHARSET=utf8mb4 COLLATE=utf8mb4_0900_ai_ci;
/*!40101 SET character_set_client = @saved_cs_client */;

--
-- Dumping data for table `hall`
--

LOCK TABLES `hall` WRITE;
/*!40000 ALTER TABLE `hall` DISABLE KEYS */;
INSERT INTO `hall` VALUES (1,'부산','대한민국','부산 신세계센텀시티(백화점) 9층 문화홀','(2023) 빨간모자와 늑대 - 부산 신세계','2023.04.15','25,000');
/*!40000 ALTER TABLE `hall` ENABLE KEYS */;
UNLOCK TABLES;

--
-- Table structure for table `library`
--

DROP TABLE IF EXISTS `library`;
/*!40101 SET @saved_cs_client     = @@character_set_client */;
/*!50503 SET character_set_client = utf8mb4 */;
CREATE TABLE `library` (
  `ID` int NOT NULL AUTO_INCREMENT,
  `NAME` varchar(45) NOT NULL,
  `TYPE` varchar(45) NOT NULL,
  `COUNT` varchar(45) NOT NULL,
  `ADDRESS` varchar(45) NOT NULL,
  `PHONENUM` varchar(45) NOT NULL,
  `HOMEPAGE` varchar(45) DEFAULT NULL,
  PRIMARY KEY (`ID`)
) ENGINE=InnoDB AUTO_INCREMENT=2 DEFAULT CHARSET=utf8mb4 COLLATE=utf8mb4_0900_ai_ci;
/*!40101 SET character_set_client = @saved_cs_client */;

--
-- Dumping data for table `library`
--

LOCK TABLES `library` WRITE;
/*!40000 ALTER TABLE `library` DISABLE KEYS */;
INSERT INTO `library` VALUES (1,'부전도서관','공립 도서관','22','부산광역시 부산진구 동천로 79','0518025901','https://home.pen.go.kr/bujunlib/main.do');
/*!40000 ALTER TABLE `library` ENABLE KEYS */;
UNLOCK TABLES;

--
-- Table structure for table `user`
--

DROP TABLE IF EXISTS `user`;
/*!40101 SET @saved_cs_client     = @@character_set_client */;
/*!50503 SET character_set_client = utf8mb4 */;
CREATE TABLE `user` (
  `id` int NOT NULL AUTO_INCREMENT,
  `email` varchar(45) NOT NULL,
  `password` varchar(45) NOT NULL,
  `createTime` datetime DEFAULT NULL,
  `nickname` varchar(15) DEFAULT NULL,
  `ROLE` varchar(25) DEFAULT NULL,
  PRIMARY KEY (`id`),
  UNIQUE KEY `email_UNIQUE` (`email`)
) ENGINE=InnoDB AUTO_INCREMENT=15 DEFAULT CHARSET=utf8mb4 COLLATE=utf8mb4_0900_ai_ci;
/*!40101 SET character_set_client = @saved_cs_client */;

--
-- Dumping data for table `user`
--

LOCK TABLES `user` WRITE;
/*!40000 ALTER TABLE `user` DISABLE KEYS */;
INSERT INTO `user` VALUES (7,'abc@abc.com','power','2023-03-16 00:00:00',NULL,'user'),(12,'abc22@abc.com','12345','2023-03-17 00:00:00',NULL,'user'),(13,'power@abc.com','power','2023-03-27 00:00:00',NULL,NULL),(14,'asdf@abc.com','power','2023-03-28 00:00:00',NULL,NULL);
/*!40000 ALTER TABLE `user` ENABLE KEYS */;
UNLOCK TABLES;

--
-- Table structure for table `user_review`
--

DROP TABLE IF EXISTS `user_review`;
/*!40101 SET @saved_cs_client     = @@character_set_client */;
/*!50503 SET character_set_client = utf8mb4 */;
CREATE TABLE `user_review` (
  `id` int NOT NULL AUTO_INCREMENT,
  `user_id` int NOT NULL,
  `table_id` int NOT NULL,
  `reg_date` datetime NOT NULL DEFAULT CURRENT_TIMESTAMP,
  `mod_date` datetime NOT NULL DEFAULT CURRENT_TIMESTAMP ON UPDATE CURRENT_TIMESTAMP,
  `subject` varchar(20) DEFAULT NULL,
  `review` text,
  `stars` int DEFAULT NULL,
  `table_name` varchar(25) DEFAULT NULL,
  `cafe_id` int DEFAULT NULL,
  `diner_id` int DEFAULT NULL,
  `gym_id` int DEFAULT NULL,
  `hall_id` int DEFAULT NULL,
  `library_id` int DEFAULT NULL,
  PRIMARY KEY (`id`),
  KEY `user_id` (`user_id`),
  KEY `cafe_id` (`cafe_id`),
  KEY `diner_id` (`diner_id`),
  KEY `gym_id` (`gym_id`),
  KEY `hall_id` (`hall_id`),
  KEY `library_id` (`library_id`),
  CONSTRAINT `user_review_ibfk_1` FOREIGN KEY (`user_id`) REFERENCES `user` (`id`) ON DELETE CASCADE,
  CONSTRAINT `user_review_ibfk_2` FOREIGN KEY (`cafe_id`) REFERENCES `cafe` (`ID`),
  CONSTRAINT `user_review_ibfk_3` FOREIGN KEY (`diner_id`) REFERENCES `diner` (`id`),
  CONSTRAINT `user_review_ibfk_4` FOREIGN KEY (`gym_id`) REFERENCES `gym` (`ID`),
  CONSTRAINT `user_review_ibfk_5` FOREIGN KEY (`hall_id`) REFERENCES `hall` (`id`),
  CONSTRAINT `user_review_ibfk_6` FOREIGN KEY (`library_id`) REFERENCES `library` (`ID`)
) ENGINE=InnoDB AUTO_INCREMENT=36 DEFAULT CHARSET=utf8mb4 COLLATE=utf8mb4_0900_ai_ci;
/*!40101 SET character_set_client = @saved_cs_client */;

--
-- Dumping data for table `user_review`
--

LOCK TABLES `user_review` WRITE;
/*!40000 ALTER TABLE `user_review` DISABLE KEYS */;
INSERT INTO `user_review` VALUES (23,14,1,'2023-03-28 09:16:44','2023-03-28 13:45:23','나는 마시써소','연진아 나 지금 되게 신나',5,'diner',NULL,1,NULL,NULL,NULL),(24,14,89,'2023-03-28 09:17:18','2023-03-28 13:45:23','중식당 별로에용~','노맛',2,'diner',NULL,89,NULL,NULL,NULL),(25,14,1,'2023-03-28 10:06:50','2023-03-28 13:45:23','카페','카페글',4,'cafe',1,NULL,NULL,NULL,NULL),(26,14,1,'2023-03-28 10:06:50','2023-03-28 13:45:23','헬스장','3',2,'gym',NULL,NULL,1,NULL,NULL),(27,14,1,'2023-03-28 10:06:50','2023-03-28 13:45:23','콘서트','콘서트글',4,'hall',NULL,NULL,NULL,1,NULL),(28,14,1,'2023-03-28 10:06:50','2023-03-28 13:45:23','도서관글','도서관',3,'library',NULL,NULL,NULL,NULL,1),(29,13,1,'2023-03-28 12:04:41','2023-03-28 13:45:23','개미집인데 개미를 안팜','이름 사기임?',1,'diner',NULL,1,NULL,NULL,NULL),(30,7,9,'2023-03-28 14:14:46','2023-03-28 14:27:15','설렁설렁하자@','설렁 탕탕탕!\r\n설렁 탕탕탕!\r\n설렁 탕탕탕!설렁 탕탕탕!설렁 탕탕탕!\r\n설렁 탕탕탕!설렁 탕탕탕!',4,'diner',NULL,9,NULL,NULL,NULL),(31,13,64,'2023-03-28 14:28:12','2023-03-28 14:28:12','고기집인데 절 옆에 있음 ㅋㅋㅋㅋ',' ㅋㅋㅋㅋㅋㅋㅋㅋㅋㅋㅋ',5,'diner',NULL,64,NULL,NULL,NULL),(33,14,86,'2023-03-28 15:06:56','2023-03-28 15:06:56','찹쌀 아구찜, 찹쌀 떡 , 콩떡 ','그대는 찹쌀떡 그대는 나의 메밀국수\r\n그대는 나의 땅콩 오징어 노가리\r\n그대는 해장국 그대는 나의그대는 찹쌀떡 그대는 나의 메밀국수\r\n그대는 나의 땅콩 오징어 노가리\r\n그대는 해장국 그대는 나의그대는 찹쌀떡 그대는 나의 메밀국수\r\n그대는 나의 땅콩 오징어 노가리\r\n그대는 해장국 그대는 나의',1,'diner',NULL,86,NULL,NULL,NULL),(34,14,6,'2023-03-28 15:12:03','2023-03-28 15:12:03','가가가!!','가가가!!가가가!!가가가!!가가가!!',2,'diner',NULL,6,NULL,NULL,NULL),(35,14,72,'2023-03-28 15:13:16','2023-03-28 15:15:06','정림3층석탑','나는 사랑이 어떻게 이뤄지는지 연구했지\r\n',3,'diner',NULL,72,NULL,NULL,NULL);
/*!40000 ALTER TABLE `user_review` ENABLE KEYS */;
UNLOCK TABLES;
/*!40103 SET TIME_ZONE=@OLD_TIME_ZONE */;

/*!40101 SET SQL_MODE=@OLD_SQL_MODE */;
/*!40014 SET FOREIGN_KEY_CHECKS=@OLD_FOREIGN_KEY_CHECKS */;
/*!40014 SET UNIQUE_CHECKS=@OLD_UNIQUE_CHECKS */;
/*!40101 SET CHARACTER_SET_CLIENT=@OLD_CHARACTER_SET_CLIENT */;
/*!40101 SET CHARACTER_SET_RESULTS=@OLD_CHARACTER_SET_RESULTS */;
/*!40101 SET COLLATION_CONNECTION=@OLD_COLLATION_CONNECTION */;
/*!40111 SET SQL_NOTES=@OLD_SQL_NOTES */;

-- Dump completed on 2023-03-28 15:24:31
